question_id,rank,chunk_id,doc_id,score,latency_ms,retriever
Q-001,1,CH01_T01_01,DOC_CH01,28.180826278399966,5.414000000000002,bm25
Q-001,2,CH01_T01_02,DOC_CH01,28.163193260682636,5.414000000000002,bm25
Q-001,3,CH01_T01_10,DOC_CH01,27.99091059759344,5.414000000000002,bm25
Q-001,4,CH01_T01_08,DOC_CH01,26.925983914734335,5.414000000000002,bm25
Q-001,5,CH01_T01_04,DOC_CH01,25.658265749253616,5.414000000000002,bm25
Q-001,6,CH01_T01_06,DOC_CH01,25.33239793141415,5.414000000000002,bm25
Q-001,7,CH01_T01_05,DOC_CH01,25.01996672942646,5.414000000000002,bm25
Q-001,8,CH01_T01_03,DOC_CH01,23.438620104593344,5.414000000000002,bm25
Q-001,9,CH01_T01_07,DOC_CH01,23.16396607445286,5.414000000000002,bm25
Q-001,10,CH01_T01_09,DOC_CH01,22.722525817176745,5.414000000000002,bm25
Q-002,1,CH01_T02_10,DOC_CH01,21.012121242901685,4.712600000000011,bm25
Q-002,2,CH01_T02_02,DOC_CH01,20.487690490466484,4.712600000000011,bm25
Q-002,3,CH01_T02_08,DOC_CH01,20.06350098122564,4.712600000000011,bm25
Q-002,4,CH01_T02_01,DOC_CH01,19.59168131835003,4.712600000000011,bm25
Q-002,5,CH02_T02_01,DOC_CH02,18.7646343782739,4.712600000000011,bm25
Q-002,6,CH02_T02_10,DOC_CH02,18.5899830009791,4.712600000000011,bm25
Q-002,7,CH02_T02_08,DOC_CH02,18.422744103487524,4.712600000000011,bm25
Q-002,8,CH01_T03_01,DOC_CH01,18.335446570818934,4.712600000000011,bm25
Q-002,9,CH10_T01_10,DOC_CH10,18.05884135759293,4.712600000000011,bm25
Q-002,10,CH01_T02_04,DOC_CH01,18.03540202374365,4.712600000000011,bm25
Q-003,1,CH01_T03_01,DOC_CH01,20.612551914493853,5.2951999999999995,bm25
Q-003,2,CH01_T02_10,DOC_CH01,20.322134464557408,5.2951999999999995,bm25
Q-003,3,CH01_T02_02,DOC_CH01,19.940054969169005,5.2951999999999995,bm25
Q-003,4,CH01_T03_10,DOC_CH01,19.797609305439906,5.2951999999999995,bm25
Q-003,5,CH01_T02_08,DOC_CH01,19.513490856385904,5.2951999999999995,bm25
Q-003,6,CH01_T02_01,DOC_CH01,19.171936150690126,5.2951999999999995,bm25
Q-003,7,CH01_T03_02,DOC_CH01,19.109948925164247,5.2951999999999995,bm25
Q-003,8,CH01_T02_05,DOC_CH01,18.86637550571245,5.2951999999999995,bm25
Q-003,9,CH02_T02_01,DOC_CH02,18.184434586924,5.2951999999999995,bm25
Q-003,10,CH01_T03_08,DOC_CH01,18.044856405943776,5.2951999999999995,bm25
Q-004,1,CH01_T04_02,DOC_CH01,26.95921934832561,4.153900000000002,bm25
Q-004,2,CH01_T04_10,DOC_CH01,26.783853738155415,4.153900000000002,bm25
Q-004,3,CH01_T04_08,DOC_CH01,25.308236052645306,4.153900000000002,bm25
Q-004,4,CH01_T04_01,DOC_CH01,24.710490711010408,4.153900000000002,bm25
Q-004,5,CH01_T04_04,DOC_CH01,24.00530333311314,4.153900000000002,bm25
Q-004,6,CH01_T04_06,DOC_CH01,23.447152715452273,4.153900000000002,bm25
Q-004,7,CH01_T04_05,DOC_CH01,23.246413448867767,4.153900000000002,bm25
Q-004,8,CH01_T04_03,DOC_CH01,21.489469061424728,4.153900000000002,bm25
Q-004,9,CH01_T04_07,DOC_CH01,21.177858034493518,4.153900000000002,bm25
Q-004,10,CH01_T04_09,DOC_CH01,20.967424757132832,4.153900000000002,bm25
Q-005,1,CH02_T02_01,DOC_CH02,18.615002028695727,3.88369999999999,bm25
Q-005,2,CH13_T02_01,DOC_CH13,18.525041394552286,3.88369999999999,bm25
Q-005,3,CH13_T02_10,DOC_CH13,18.48739594470189,3.88369999999999,bm25
Q-005,4,CH02_T02_10,DOC_CH02,17.826808552254754,3.88369999999999,bm25
Q-005,5,CH01_T05_02,DOC_CH01,17.096536773980226,3.88369999999999,bm25
Q-005,6,CH01_T02_10,DOC_CH01,17.0869800886321,3.88369999999999,bm25
Q-005,7,CH10_T01_01,DOC_CH10,16.897122693495355,3.88369999999999,bm25
Q-005,8,CH02_T06_01,DOC_CH02,16.811942455481052,3.88369999999999,bm25
Q-005,9,CH09_T05_10,DOC_CH09,16.654480811107373,3.88369999999999,bm25
Q-005,10,CH13_T02_02,DOC_CH13,16.564429059823684,3.88369999999999,bm25
Q-006,1,CH01_T06_02,DOC_CH01,23.945211556749154,4.073499999999994,bm25
Q-006,2,CH01_T06_08,DOC_CH01,23.059122466290475,4.073499999999994,bm25
Q-006,3,CH01_T06_10,DOC_CH01,22.061097423610587,4.073499999999994,bm25
Q-006,4,CH14_T05_01,DOC_CH14,21.52580156517625,4.073499999999994,bm25
Q-006,5,CH16_T06_01,DOC_CH16,21.366140440639946,4.073499999999994,bm25
Q-006,6,CH01_T06_04,DOC_CH01,20.23992057920819,4.073499999999994,bm25
Q-006,7,CH14_T05_02,DOC_CH14,20.14942901604315,4.073499999999994,bm25
Q-006,8,CH01_T06_01,DOC_CH01,19.92635189355186,4.073499999999994,bm25
Q-006,9,CH14_T05_08,DOC_CH14,19.877261296992003,4.073499999999994,bm25
Q-006,10,CH01_T06_05,DOC_CH01,19.702032577745058,4.073499999999994,bm25
Q-007,1,CH02_T02_01,DOC_CH02,19.79001357616596,3.955,bm25
Q-007,2,CH02_T02_02,DOC_CH02,19.207147890448105,3.955,bm25
Q-007,3,CH02_T02_10,DOC_CH02,18.424463158423656,3.955,bm25
Q-007,4,CH02_T02_08,DOC_CH02,18.395439322929857,3.955,bm25
Q-007,5,CH01_T02_01,DOC_CH01,16.372860831461864,3.955,bm25
Q-007,6,CH01_T02_02,DOC_CH01,16.00214801964979,3.955,bm25
Q-007,7,CH02_T06_01,DOC_CH02,15.971001397322246,3.955,bm25
Q-007,8,CH01_T03_01,DOC_CH01,15.767670213111478,3.955,bm25
Q-007,9,CH01_T02_10,DOC_CH01,15.657139655210655,3.955,bm25
Q-007,10,CH02_T02_06,DOC_CH02,15.655580071869997,3.955,bm25
Q-008,1,CH02_T02_02,DOC_CH02,24.96212544904823,4.130699999999987,bm25
Q-008,2,CH02_T02_08,DOC_CH02,24.175263315221095,4.130699999999987,bm25
Q-008,3,CH02_T02_01,DOC_CH02,24.162191879166862,4.130699999999987,bm25
Q-008,4,CH02_T02_10,DOC_CH02,24.058345435737074,4.130699999999987,bm25
Q-008,5,CH02_T02_06,DOC_CH02,21.242439244324444,4.130699999999987,bm25
Q-008,6,CH02_T02_05,DOC_CH02,20.94712191095819,4.130699999999987,bm25
Q-008,7,CH02_T02_04,DOC_CH02,20.73139994079859,4.130699999999987,bm25
Q-008,8,CH02_T02_03,DOC_CH02,19.613874342070062,4.130699999999987,bm25
Q-008,9,CH02_T02_07,DOC_CH02,19.339576471119948,4.130699999999987,bm25
Q-008,10,CH16_T05_01,DOC_CH16,18.635040382788056,4.130699999999987,bm25
Q-009,1,CH02_T03_02,DOC_CH02,20.636068856578593,3.9054000000000033,bm25
Q-009,2,CH02_T03_01,DOC_CH02,19.081981098230862,3.9054000000000033,bm25
Q-009,3,CH02_T03_10,DOC_CH02,18.970987223053594,3.9054000000000033,bm25
Q-009,4,CH02_T03_08,DOC_CH02,18.432734008505463,3.9054000000000033,bm25
Q-009,5,CH07_T03_01,DOC_CH07,18.379775477327943,3.9054000000000033,bm25
Q-009,6,CH07_T03_02,DOC_CH07,17.29529491199781,3.9054000000000033,bm25
Q-009,7,CH02_T02_01,DOC_CH02,17.266452246757662,3.9054000000000033,bm25
Q-009,8,CH02_T05_01,DOC_CH02,17.185967374042836,3.9054000000000033,bm25
Q-009,9,CH07_T03_10,DOC_CH07,17.03494871286871,3.9054000000000033,bm25
Q-009,10,CH02_T04_02,DOC_CH02,17.02866122234167,3.9054000000000033,bm25
Q-010,1,CH02_T04_02,DOC_CH02,25.444665770770293,4.128199999999999,bm25
Q-010,2,CH02_T04_08,DOC_CH02,23.753202565574348,4.128199999999999,bm25
Q-010,3,CH02_T04_10,DOC_CH02,23.726504811357874,4.128199999999999,bm25
Q-010,4,CH02_T04_01,DOC_CH02,23.24885318930137,4.128199999999999,bm25
Q-010,5,CH02_T04_04,DOC_CH02,21.37321451285955,4.128199999999999,bm25
Q-010,6,CH02_T04_06,DOC_CH02,21.301356163107865,4.128199999999999,bm25
Q-010,7,CH02_T04_05,DOC_CH02,20.591219766791514,4.128199999999999,bm25
Q-010,8,CH02_T03_02,DOC_CH02,19.910394225843575,4.128199999999999,bm25
Q-010,9,CH02_T04_03,DOC_CH02,19.281962085686324,4.128199999999999,bm25
Q-010,10,CH02_T03_01,DOC_CH02,19.15701947577164,4.128199999999999,bm25
Q-011,1,CH02_T05_08,DOC_CH02,25.125825973980074,3.9991000000000057,bm25
Q-011,2,CH02_T05_10,DOC_CH02,25.079891594318998,3.9991000000000057,bm25
Q-011,3,CH02_T05_01,DOC_CH02,25.0791854703636,3.9991000000000057,bm25
Q-011,4,CH02_T05_02,DOC_CH02,25.04839323074338,3.9991000000000057,bm25
Q-011,5,CH02_T05_04,DOC_CH02,22.365597604180245,3.9991000000000057,bm25
Q-011,6,CH02_T05_06,DOC_CH02,22.2935034224681,3.9991000000000057,bm25
Q-011,7,CH02_T05_05,DOC_CH02,20.741356264694723,3.9991000000000057,bm25
Q-011,8,CH16_T06_01,DOC_CH16,20.674775009598655,3.9991000000000057,bm25
Q-011,9,CH02_T05_03,DOC_CH02,20.29803661044561,3.9991000000000057,bm25
Q-011,10,CH02_T05_07,DOC_CH02,20.025734364394314,3.9991000000000057,bm25
Q-012,1,CH02_T06_08,DOC_CH02,39.07170770169978,4.102999999999995,bm25
Q-012,2,CH02_T06_02,DOC_CH02,38.438994111732704,4.102999999999995,bm25
Q-012,3,CH02_T06_10,DOC_CH02,37.35310197364919,4.102999999999995,bm25
Q-012,4,CH02_T06_01,DOC_CH02,35.60449767963021,4.102999999999995,bm25
Q-012,5,CH02_T06_05,DOC_CH02,35.35372502770838,4.102999999999995,bm25
Q-012,6,CH02_T06_04,DOC_CH02,35.33604302340772,4.102999999999995,bm25
Q-012,7,CH02_T06_06,DOC_CH02,33.413431761451015,4.102999999999995,bm25
Q-012,8,CH02_T06_03,DOC_CH02,32.90006978165211,4.102999999999995,bm25
Q-012,9,CH02_T06_07,DOC_CH02,32.89322339549469,4.102999999999995,bm25
Q-012,10,CH02_T06_09,DOC_CH02,32.720496743160155,4.102999999999995,bm25
Q-013,1,CH02_T02_01,DOC_CH02,17.266452246757662,3.978699999999974,bm25
Q-013,2,CH03_T01_01,DOC_CH03,17.01011885033011,3.978699999999974,bm25
Q-013,3,CH01_T03_01,DOC_CH01,16.20299221580487,3.978699999999974,bm25
Q-013,4,CH02_T02_02,DOC_CH02,15.670633585088073,3.978699999999974,bm25
Q-013,5,CH03_T01_10,DOC_CH03,15.465126505980352,3.978699999999974,bm25
Q-013,6,CH10_T01_01,DOC_CH10,15.46434521378492,3.978699999999974,bm25
Q-013,7,CH03_T01_08,DOC_CH03,15.317610319320124,3.978699999999974,bm25
Q-013,8,CH03_T01_02,DOC_CH03,15.17721511645194,3.978699999999974,bm25
Q-013,9,CH02_T02_10,DOC_CH02,15.172663605850847,3.978699999999974,bm25
Q-013,10,CH02_T02_08,DOC_CH02,15.059404214818795,3.978699999999974,bm25
Q-014,1,CH03_T02_01,DOC_CH03,20.672781752798905,3.925600000000001,bm25
Q-014,2,CH03_T02_10,DOC_CH03,19.379351364433848,3.925600000000001,bm25
Q-014,3,CH03_T02_08,DOC_CH03,19.300132582966103,3.925600000000001,bm25
Q-014,4,CH03_T02_02,DOC_CH03,19.124079884911886,3.925600000000001,bm25
Q-014,5,CH03_T03_01,DOC_CH03,18.166922720003804,3.925600000000001,bm25
Q-014,6,CH03_T03_02,DOC_CH03,17.977916470474476,3.925600000000001,bm25
Q-014,7,CH10_T01_01,DOC_CH10,17.65018898114412,3.925600000000001,bm25
Q-014,8,CH02_T02_01,DOC_CH02,17.266452246757662,3.925600000000001,bm25
Q-014,9,CH11_T04_01,DOC_CH11,17.053472787681095,3.925600000000001,bm25
Q-014,10,CH03_T06_01,DOC_CH03,16.880986746918072,3.925600000000001,bm25
Q-015,1,CH03_T03_02,DOC_CH03,26.332477074905317,3.9151000000000047,bm25
Q-015,2,CH03_T03_01,DOC_CH03,25.103061494644503,3.9151000000000047,bm25
Q-015,3,CH03_T03_08,DOC_CH03,25.042929751256708,3.9151000000000047,bm25
Q-015,4,CH03_T03_10,DOC_CH03,24.54860923281959,3.9151000000000047,bm25
Q-015,5,CH03_T03_05,DOC_CH03,22.086613033770146,3.9151000000000047,bm25
Q-015,6,CH03_T03_04,DOC_CH03,21.760147076814103,3.9151000000000047,bm25
Q-015,7,CH03_T03_06,DOC_CH03,21.67474333679231,3.9151000000000047,bm25
Q-015,8,CH03_T02_01,DOC_CH03,20.672781752798905,3.9151000000000047,bm25
Q-015,9,CH03_T03_07,DOC_CH03,19.76927175085986,3.9151000000000047,bm25
Q-015,10,CH03_T03_03,DOC_CH03,19.59840108544038,3.9151000000000047,bm25
Q-016,1,CH03_T04_02,DOC_CH03,22.194879133733686,3.9495000000000227,bm25
Q-016,2,CH03_T04_01,DOC_CH03,21.71689828051364,3.9495000000000227,bm25
Q-016,3,CH03_T04_10,DOC_CH03,20.973581137051045,3.9495000000000227,bm25
Q-016,4,CH03_T04_08,DOC_CH03,20.89213078893106,3.9495000000000227,bm25
Q-016,5,CH03_T04_04,DOC_CH03,18.278491044624555,3.9495000000000227,bm25
Q-016,6,CH03_T04_06,DOC_CH03,18.16389570321695,3.9495000000000227,bm25
Q-016,7,CH03_T04_05,DOC_CH03,17.871112507874198,3.9495000000000227,bm25
Q-016,8,CH05_T06_02,DOC_CH05,17.484127705431376,3.9495000000000227,bm25
Q-016,9,CH02_T02_01,DOC_CH02,17.266452246757662,3.9495000000000227,bm25
Q-016,10,CH03_T01_01,DOC_CH03,17.01011885033011,3.9495000000000227,bm25
Q-017,1,CH03_T02_01,DOC_CH03,23.24756127212802,4.358100000000004,bm25
Q-017,2,CH03_T05_02,DOC_CH03,22.437832790522098,4.358100000000004,bm25
Q-017,3,CH03_T02_10,DOC_CH03,21.760128188640447,4.358100000000004,bm25
Q-017,4,CH03_T02_08,DOC_CH03,21.745951475251033,4.358100000000004,bm25
Q-017,5,CH03_T02_02,DOC_CH03,21.558812755503432,4.358100000000004,bm25
Q-017,6,CH03_T05_01,DOC_CH03,21.218633810564647,4.358100000000004,bm25
Q-017,7,CH11_T04_01,DOC_CH11,21.013964729372276,4.358100000000004,bm25
Q-017,8,CH03_T05_10,DOC_CH03,20.760407931037637,4.358100000000004,bm25
Q-017,9,CH03_T05_08,DOC_CH03,20.70705192458837,4.358100000000004,bm25
Q-017,10,CH11_T04_02,DOC_CH11,19.944066808311533,4.358100000000004,bm25
Q-018,1,CH03_T06_02,DOC_CH03,23.96471759611884,4.035899999999981,bm25
Q-018,2,CH02_T05_01,DOC_CH02,23.823118651881448,4.035899999999981,bm25
Q-018,3,CH03_T06_10,DOC_CH03,23.359916151516316,4.035899999999981,bm25
Q-018,4,CH03_T06_08,DOC_CH03,22.76961533569845,4.035899999999981,bm25
Q-018,5,CH03_T06_01,DOC_CH03,22.759746720070325,4.035899999999981,bm25
Q-018,6,CH02_T05_08,DOC_CH02,22.08811568201722,4.035899999999981,bm25
Q-018,7,CH02_T05_10,DOC_CH02,22.05649078573717,4.035899999999981,bm25
Q-018,8,CH02_T05_02,DOC_CH02,22.012837541612413,4.035899999999981,bm25
Q-018,9,CH03_T06_04,DOC_CH03,20.93999222491131,4.035899999999981,bm25
Q-018,10,CH16_T06_01,DOC_CH16,20.674775009598655,4.035899999999981,bm25
Q-019,1,CH02_T02_01,DOC_CH02,17.266452246757662,3.815700000000005,bm25
Q-019,2,CH05_T06_02,DOC_CH05,17.13584201827678,3.815700000000005,bm25
Q-019,3,CH05_T02_01,DOC_CH05,16.925195132863983,3.815700000000005,bm25
Q-019,4,CH02_T02_02,DOC_CH02,15.670633585088073,3.815700000000005,bm25
Q-019,5,CH05_T06_10,DOC_CH05,15.535266052299106,3.815700000000005,bm25
Q-019,6,CH10_T01_01,DOC_CH10,15.46434521378492,3.815700000000005,bm25
Q-019,7,CH05_T06_08,DOC_CH05,15.385965530137295,3.815700000000005,bm25
Q-019,8,CH05_T06_01,DOC_CH05,15.17932596700341,3.815700000000005,bm25
Q-019,9,CH02_T02_10,DOC_CH02,15.172663605850847,3.815700000000005,bm25
Q-019,10,CH02_T02_08,DOC_CH02,15.059404214818795,3.815700000000005,bm25
Q-020,1,CH05_T02_01,DOC_CH05,21.556049491788432,3.802799999999995,bm25
Q-020,2,CH05_T02_10,DOC_CH05,18.694130473120993,3.802799999999995,bm25
Q-020,3,CH05_T02_02,DOC_CH05,18.29617548851907,3.802799999999995,bm25
Q-020,4,CH05_T02_08,DOC_CH05,18.159182661123335,3.802799999999995,bm25
Q-020,5,CH04_T02_02,DOC_CH04,17.870620089576455,3.802799999999995,bm25
Q-020,6,CH04_T04_01,DOC_CH04,17.80711693438106,3.802799999999995,bm25
Q-020,7,CH10_T01_01,DOC_CH10,17.572026106522856,3.802799999999995,bm25
Q-020,8,CH05_T01_02,DOC_CH05,17.301919215447814,3.802799999999995,bm25
Q-020,9,CH02_T02_01,DOC_CH02,17.266452246757662,3.802799999999995,bm25
Q-020,10,CH05_T06_02,DOC_CH05,17.13584201827678,3.802799999999995,bm25
Q-021,1,CH04_T03_02,DOC_CH04,21.759468245930773,4.1472000000000175,bm25
Q-021,2,CH04_T04_02,DOC_CH04,20.55713048190592,4.1472000000000175,bm25
Q-021,3,CH04_T03_10,DOC_CH04,20.49244067161143,4.1472000000000175,bm25
Q-021,4,CH04_T03_08,DOC_CH04,20.42095288593983,4.1472000000000175,bm25
Q-021,5,CH04_T03_01,DOC_CH04,19.80337408416478,4.1472000000000175,bm25
Q-021,6,CH04_T04_10,DOC_CH04,19.31710694220862,4.1472000000000175,bm25
Q-021,7,CH04_T05_02,DOC_CH04,19.29117166024039,4.1472000000000175,bm25
Q-021,8,CH04_T06_02,DOC_CH04,18.94541321630655,4.1472000000000175,bm25
Q-021,9,CH04_T04_01,DOC_CH04,18.856013767030902,4.1472000000000175,bm25
Q-021,10,CH04_T04_08,DOC_CH04,18.494258390553338,4.1472000000000175,bm25
Q-022,1,CH04_T04_02,DOC_CH04,21.82308930357145,4.059699999999999,bm25
Q-022,2,CH04_T04_10,DOC_CH04,20.554632825249733,4.059699999999999,bm25
Q-022,3,CH04_T04_08,DOC_CH04,19.958922844715605,4.059699999999999,bm25
Q-022,4,CH04_T04_01,DOC_CH04,19.85350314701739,4.059699999999999,bm25
Q-022,5,CH04_T03_02,DOC_CH04,19.29117166024039,4.059699999999999,bm25
Q-022,6,CH04_T05_02,DOC_CH04,19.29117166024039,4.059699999999999,bm25
Q-022,7,CH04_T06_02,DOC_CH04,18.94541321630655,4.059699999999999,bm25
Q-022,8,CH04_T03_08,DOC_CH04,18.85292967674734,4.059699999999999,bm25
Q-022,9,CH04_T05_08,DOC_CH04,18.85292967674734,4.059699999999999,bm25
Q-022,10,CH04_T06_08,DOC_CH04,18.504157279559546,4.059699999999999,bm25
Q-023,1,CH04_T05_02,DOC_CH04,21.555919165222676,3.979499999999997,bm25
Q-023,2,CH04_T04_02,DOC_CH04,20.55713048190592,3.979499999999997,bm25
Q-023,3,CH04_T05_10,DOC_CH04,20.293463223423903,3.979499999999997,bm25
Q-023,4,CH04_T05_08,DOC_CH04,20.21646415368127,3.979499999999997,bm25
Q-023,5,CH04_T05_01,DOC_CH04,19.642991263777922,3.979499999999997,bm25
Q-023,6,CH04_T04_10,DOC_CH04,19.31710694220862,3.979499999999997,bm25
Q-023,7,CH04_T03_02,DOC_CH04,19.29117166024039,3.979499999999997,bm25
Q-023,8,CH04_T06_02,DOC_CH04,18.94541321630655,3.979499999999997,bm25
Q-023,9,CH04_T04_01,DOC_CH04,18.856013767030902,3.979499999999997,bm25
Q-023,10,CH04_T04_08,DOC_CH04,18.494258390553338,3.979499999999997,bm25
Q-024,1,CH04_T06_02,DOC_CH04,26.134774566804627,4.046699999999986,bm25
Q-024,2,CH04_T06_08,DOC_CH04,24.814320753803887,4.046699999999986,bm25
Q-024,3,CH04_T06_10,DOC_CH04,24.802799987192355,4.046699999999986,bm25
Q-024,4,CH04_T06_01,DOC_CH04,24.288603471226693,4.046699999999986,bm25
Q-024,5,CH04_T06_04,DOC_CH04,21.91612501479909,4.046699999999986,bm25
Q-024,6,CH04_T06_06,DOC_CH04,21.825562094399853,4.046699999999986,bm25
Q-024,7,CH04_T06_05,DOC_CH04,21.490286383496024,4.046699999999986,bm25
Q-024,8,CH04_T04_02,DOC_CH04,20.55713048190592,4.046699999999986,bm25
Q-024,9,CH04_T06_03,DOC_CH04,19.666815327210582,4.046699999999986,bm25
Q-024,10,CH04_T06_07,DOC_CH04,19.60569479279104,4.046699999999986,bm25
Q-025,1,CH05_T02_01,DOC_CH05,28.410990333534638,4.282999999999982,bm25
Q-025,2,CH05_T02_10,DOC_CH05,25.976669322856775,4.282999999999982,bm25
Q-025,3,CH05_T02_02,DOC_CH05,25.70508285864459,4.282999999999982,bm25
Q-025,4,CH05_T02_08,DOC_CH05,25.593891835186742,4.282999999999982,bm25
Q-025,5,CH05_T01_02,DOC_CH05,23.3422568138878,4.282999999999982,bm25
Q-025,6,CH05_T02_04,DOC_CH05,22.978420154751685,4.282999999999982,bm25
Q-025,7,CH05_T03_01,DOC_CH05,22.660276846953153,4.282999999999982,bm25
Q-025,8,CH05_T03_02,DOC_CH05,22.622343889469985,4.282999999999982,bm25
Q-025,9,CH10_T01_01,DOC_CH10,22.51049430917273,4.282999999999982,bm25
Q-025,10,CH05_T02_06,DOC_CH05,22.137184449891294,4.282999999999982,bm25
Q-026,1,CH05_T02_01,DOC_CH05,27.87059662719856,4.139700000000024,bm25
Q-026,2,CH05_T02_10,DOC_CH05,27.024264699635633,4.139700000000024,bm25
Q-026,3,CH05_T02_02,DOC_CH05,26.73817801343596,4.139700000000024,bm25
Q-026,4,CH05_T02_08,DOC_CH05,26.623714765434908,4.139700000000024,bm25
Q-026,5,CH10_T01_01,DOC_CH10,24.436500309667334,4.139700000000024,bm25
Q-026,6,CH05_T02_04,DOC_CH05,24.035580541602926,4.139700000000024,bm25
Q-026,7,CH05_T02_06,DOC_CH05,23.189773992699077,4.139700000000024,bm25
Q-026,8,CH05_T02_05,DOC_CH05,22.59740612990421,4.139700000000024,bm25
Q-026,9,CH10_T01_10,DOC_CH10,22.52610079431277,4.139700000000024,bm25
Q-026,10,CH05_T02_03,DOC_CH05,22.29497840738458,4.139700000000024,bm25
Q-027,1,CH05_T02_01,DOC_CH05,23.780135974610197,4.149600000000003,bm25
Q-027,2,CH05_T03_02,DOC_CH05,23.679717926642496,4.149600000000003,bm25
Q-027,3,CH05_T03_01,DOC_CH05,22.892596998083548,4.149600000000003,bm25
Q-027,4,CH05_T03_10,DOC_CH05,22.430728478389348,4.149600000000003,bm25
Q-027,5,CH05_T03_08,DOC_CH05,22.392548416466322,4.149600000000003,bm25
Q-027,6,CH05_T02_10,DOC_CH05,21.91718370363499,4.149600000000003,bm25
Q-027,7,CH05_T02_02,DOC_CH05,21.516393981266912,4.149600000000003,bm25
Q-027,8,CH05_T06_02,DOC_CH05,21.420196165750735,4.149600000000003,bm25
Q-027,9,CH05_T02_08,DOC_CH05,21.378369051765922,4.149600000000003,bm25
Q-027,10,CH10_T01_01,DOC_CH10,20.40281341643479,4.149600000000003,bm25
Q-028,1,CH05_T02_01,DOC_CH05,23.780135974610197,4.111300000000012,bm25
Q-028,2,CH05_T04_02,DOC_CH05,23.39549873564014,4.111300000000012,bm25
Q-028,3,CH05_T02_10,DOC_CH05,21.91718370363499,4.111300000000012,bm25
Q-028,4,CH05_T04_10,DOC_CH05,21.772472392811014,4.111300000000012,bm25
Q-028,5,CH05_T04_08,DOC_CH05,21.7450332761606,4.111300000000012,bm25
Q-028,6,CH05_T02_02,DOC_CH05,21.516393981266912,4.111300000000012,bm25
Q-028,7,CH05_T06_02,DOC_CH05,21.420196165750735,4.111300000000012,bm25
Q-028,8,CH05_T02_08,DOC_CH05,21.378369051765922,4.111300000000012,bm25
Q-028,9,CH05_T04_01,DOC_CH05,21.32686159856685,4.111300000000012,bm25
Q-028,10,CH10_T01_01,DOC_CH10,20.40281341643479,4.111300000000012,bm25
Q-029,1,CH05_T05_02,DOC_CH05,17.97556787824496,3.8458000000000103,bm25
Q-029,2,CH05_T05_01,DOC_CH05,17.429298619507648,3.8458000000000103,bm25
Q-029,3,CH05_T05_10,DOC_CH05,17.324192409385308,3.8458000000000103,bm25
Q-029,4,CH02_T02_01,DOC_CH02,17.266452246757662,3.8458000000000103,bm25
Q-029,5,CH05_T05_08,DOC_CH05,17.18742770841031,3.8458000000000103,bm25
Q-029,6,CH05_T06_02,DOC_CH05,17.13584201827678,3.8458000000000103,bm25
Q-029,7,CH05_T02_01,DOC_CH05,16.925195132863983,3.8458000000000103,bm25
Q-029,8,CH02_T02_02,DOC_CH02,15.670633585088073,3.8458000000000103,bm25
Q-029,9,CH05_T06_10,DOC_CH05,15.535266052299106,3.8458000000000103,bm25
Q-029,10,CH10_T01_01,DOC_CH10,15.46434521378492,3.8458000000000103,bm25
Q-030,1,CH05_T06_02,DOC_CH05,25.927667031733623,3.760299999999994,bm25
Q-030,2,CH05_T06_08,DOC_CH05,24.21591279463151,3.760299999999994,bm25
Q-030,3,CH05_T06_10,DOC_CH05,24.141313123343462,3.760299999999994,bm25
Q-030,4,CH05_T06_01,DOC_CH05,21.829948307559917,3.760299999999994,bm25
Q-030,5,CH05_T06_04,DOC_CH05,21.42313664581709,3.760299999999994,bm25
Q-030,6,CH05_T06_06,DOC_CH05,21.3667338591902,3.760299999999994,bm25
Q-030,7,CH05_T06_05,DOC_CH05,21.002723595098896,3.760299999999994,bm25
Q-030,8,CH05_T06_03,DOC_CH05,19.351309223046176,3.760299999999994,bm25
Q-030,9,CH05_T05_01,DOC_CH05,19.308569188782208,3.760299999999994,bm25
Q-030,10,CH05_T06_07,DOC_CH05,19.061613575993384,3.760299999999994,bm25
Q-031,1,CH02_T02_01,DOC_CH02,17.266452246757662,4.179399999999999,bm25
Q-031,2,CH06_T03_01,DOC_CH06,16.335329954709938,4.179399999999999,bm25
Q-031,3,CH02_T02_02,DOC_CH02,15.670633585088073,4.179399999999999,bm25
Q-031,4,CH10_T01_01,DOC_CH10,15.46434521378492,4.179399999999999,bm25
Q-031,5,CH06_T03_02,DOC_CH06,15.320652492400809,4.179399999999999,bm25
Q-031,6,CH02_T02_10,DOC_CH02,15.172663605850847,4.179399999999999,bm25
Q-031,7,CH06_T04_01,DOC_CH06,15.160827304331779,4.179399999999999,bm25
Q-031,8,CH02_T02_08,DOC_CH02,15.059404214818795,4.179399999999999,bm25
Q-031,9,CH01_T02_01,DOC_CH01,15.018575477171666,4.179399999999999,bm25
Q-031,10,CH16_T06_01,DOC_CH16,14.914302424558711,4.179399999999999,bm25
Q-032,1,CH06_T02_02,DOC_CH06,22.09344451825549,4.262299999999996,bm25
Q-032,2,CH06_T02_08,DOC_CH06,20.857735369684544,4.262299999999996,bm25
Q-032,3,CH06_T02_10,DOC_CH06,20.854739583163973,4.262299999999996,bm25
Q-032,4,CH02_T02_01,DOC_CH02,20.05287481648672,4.262299999999996,bm25
Q-032,5,CH01_T04_01,DOC_CH01,19.607063494418043,4.262299999999996,bm25
Q-032,6,CH02_T02_02,DOC_CH02,19.48098888148164,4.262299999999996,bm25
Q-032,7,CH01_T04_02,DOC_CH01,19.186340113369177,4.262299999999996,bm25
Q-032,8,CH02_T02_10,DOC_CH02,18.670849336726725,4.262299999999996,bm25
Q-032,9,CH02_T02_08,DOC_CH02,18.646800539485703,4.262299999999996,bm25
Q-032,10,CH06_T02_04,DOC_CH06,18.532765178570916,4.262299999999996,bm25
Q-033,1,CH06_T03_02,DOC_CH06,21.665838278905852,3.8230999999999957,bm25
Q-033,2,CH06_T03_08,DOC_CH06,20.34035696327829,3.8230999999999957,bm25
Q-033,3,CH06_T03_10,DOC_CH06,20.33653883172543,3.8230999999999957,bm25
Q-033,4,CH06_T03_01,DOC_CH06,20.045670759537714,3.8230999999999957,bm25
Q-033,5,CH02_T02_01,DOC_CH02,17.266452246757662,3.8230999999999957,bm25
Q-033,6,CH06_T03_05,DOC_CH06,17.06368836279748,3.8230999999999957,bm25
Q-033,7,CH06_T03_04,DOC_CH06,16.818771229550897,3.8230999999999957,bm25
Q-033,8,CH06_T03_06,DOC_CH06,16.81516732512,3.8230999999999957,bm25
Q-033,9,CH02_T02_02,DOC_CH02,15.670633585088073,3.8230999999999957,bm25
Q-033,10,CH07_T03_01,DOC_CH07,15.545030702753083,3.8230999999999957,bm25
Q-034,1,CH06_T04_02,DOC_CH06,19.89155662739572,4.0211,bm25
Q-034,2,CH06_T04_01,DOC_CH06,18.759593826023185,4.0211,bm25
Q-034,3,CH06_T04_10,DOC_CH06,18.18148241774528,4.0211,bm25
Q-034,4,CH06_T04_08,DOC_CH06,18.102778322335038,4.0211,bm25
Q-034,5,CH02_T02_01,DOC_CH02,17.266452246757662,4.0211,bm25
Q-034,6,CH05_T06_02,DOC_CH05,16.257329957909306,4.0211,bm25
Q-034,7,CH08_T06_01,DOC_CH08,15.699839593414755,4.0211,bm25
Q-034,8,CH02_T02_02,DOC_CH02,15.670633585088073,4.0211,bm25
Q-034,9,CH08_T06_02,DOC_CH08,15.582523290801236,4.0211,bm25
Q-034,10,CH10_T01_01,DOC_CH10,15.46434521378492,4.0211,bm25
Q-035,1,CH06_T05_02,DOC_CH06,20.147411153188827,3.6688,bm25
Q-035,2,CH06_T05_01,DOC_CH06,19.58638077379138,3.6688,bm25
Q-035,3,CH06_T05_10,DOC_CH06,18.933498471558234,3.6688,bm25
Q-035,4,CH06_T05_08,DOC_CH06,18.787433432287525,3.6688,bm25
Q-035,5,CH02_T02_01,DOC_CH02,17.266452246757662,3.6688,bm25
Q-035,6,CH06_T03_01,DOC_CH06,16.335329954709938,3.6688,bm25
Q-035,7,CH06_T05_04,DOC_CH06,16.130793110404053,3.6688,bm25
Q-035,8,CH06_T05_06,DOC_CH06,15.991599774814167,3.6688,bm25
Q-035,9,CH06_T05_05,DOC_CH06,15.71439549272303,3.6688,bm25
Q-035,10,CH02_T02_02,DOC_CH02,15.670633585088073,3.6688,bm25
Q-036,1,CH02_T02_01,DOC_CH02,18.173982807139833,3.9537000000000044,bm25
Q-036,2,CH06_T06_02,DOC_CH06,17.842559189206217,3.9537000000000044,bm25
Q-036,3,CH09_T05_02,DOC_CH09,17.688551467542847,3.9537000000000044,bm25
Q-036,4,CH06_T03_01,DOC_CH06,17.636133936151534,3.9537000000000044,bm25
Q-036,5,CH06_T06_01,DOC_CH06,17.604491169643953,3.9537000000000044,bm25
Q-036,6,CH09_T06_01,DOC_CH09,17.054664340712975,3.9537000000000044,bm25
Q-036,7,CH10_T01_01,DOC_CH10,16.789971108138833,3.9537000000000044,bm25
Q-036,8,CH06_T06_10,DOC_CH06,16.664426305755295,3.9537000000000044,bm25
Q-036,9,CH09_T05_08,DOC_CH09,16.611047211509835,3.9537000000000044,bm25
Q-036,10,CH06_T03_02,DOC_CH06,16.55227148113149,3.9537000000000044,bm25
Q-037,1,CH07_T01_02,DOC_CH07,25.837860501636435,3.840499999999997,bm25
Q-037,2,CH07_T01_08,DOC_CH07,25.181545624654724,3.840499999999997,bm25
Q-037,3,CH07_T01_10,DOC_CH07,25.106369019464452,3.840499999999997,bm25
Q-037,4,CH07_T01_01,DOC_CH07,23.479156764810718,3.840499999999997,bm25
Q-037,5,CH07_T01_04,DOC_CH07,22.14622244869126,3.840499999999997,bm25
Q-037,6,CH07_T01_05,DOC_CH07,21.727505292784127,3.840499999999997,bm25
Q-037,7,CH07_T01_06,DOC_CH07,21.453342512024875,3.840499999999997,bm25
Q-037,8,CH07_T02_02,DOC_CH07,20.125629189574262,3.840499999999997,bm25
Q-037,9,CH07_T01_03,DOC_CH07,20.055126929318625,3.840499999999997,bm25
Q-037,10,CH07_T01_07,DOC_CH07,19.679573144097834,3.840499999999997,bm25
Q-038,1,CH07_T02_02,DOC_CH07,30.891394008785813,3.946200000000011,bm25
Q-038,2,CH07_T02_01,DOC_CH07,29.67142772063248,3.946200000000011,bm25
Q-038,3,CH07_T02_08,DOC_CH07,29.602330743669825,3.946200000000011,bm25
Q-038,4,CH07_T02_10,DOC_CH07,29.52902907273474,3.946200000000011,bm25
Q-038,5,CH07_T02_04,DOC_CH07,26.68527794966622,3.946200000000011,bm25
Q-038,6,CH07_T02_06,DOC_CH07,26.618739532840408,3.946200000000011,bm25
Q-038,7,CH07_T02_05,DOC_CH07,26.27117351299714,3.946200000000011,bm25
Q-038,8,CH07_T06_01,DOC_CH07,25.1151168118002,3.946200000000011,bm25
Q-038,9,CH07_T02_03,DOC_CH07,24.53894345121743,3.946200000000011,bm25
Q-038,10,CH07_T02_07,DOC_CH07,24.247976594635727,3.946200000000011,bm25
Q-039,1,CH07_T03_08,DOC_CH07,22.730279750201497,3.589599999999998,bm25
Q-039,2,CH07_T03_02,DOC_CH07,22.3167076407814,3.589599999999998,bm25
Q-039,3,CH03_T04_02,DOC_CH03,20.092670832290377,3.589599999999998,bm25
Q-039,4,CH15_T01_02,DOC_CH15,19.847156889364367,3.589599999999998,bm25
Q-039,5,CH08_T01_08,DOC_CH08,18.52388340467739,3.589599999999998,bm25
Q-039,6,CH07_T02_08,DOC_CH07,18.502262572161126,3.589599999999998,bm25
Q-039,7,CH08_T01_02,DOC_CH08,18.12114111671486,3.589599999999998,bm25
Q-039,8,CH15_T06_08,DOC_CH15,18.079570354655,3.589599999999998,bm25
Q-039,9,CH07_T03_10,DOC_CH07,17.993173884352014,3.589599999999998,bm25
Q-039,10,CH03_T04_08,DOC_CH03,17.400033973085474,3.589599999999998,bm25
Q-040,1,CH07_T04_08,DOC_CH07,27.27952859683652,3.6055000000000392,bm25
Q-040,2,CH07_T04_02,DOC_CH07,26.89246087406759,3.6055000000000392,bm25
Q-040,3,CH07_T04_10,DOC_CH07,22.644258790158517,3.6055000000000392,bm25
Q-040,4,CH07_T04_07,DOC_CH07,21.907965953121977,3.6055000000000392,bm25
Q-040,5,CH07_T04_03,DOC_CH07,21.586636923999365,3.6055000000000392,bm25
Q-040,6,CH07_T04_06,DOC_CH07,21.10808743636874,3.6055000000000392,bm25
Q-040,7,CH07_T04_09,DOC_CH07,20.742320216794713,3.6055000000000392,bm25
Q-040,8,CH07_T04_05,DOC_CH07,20.579991960716896,3.6055000000000392,bm25
Q-040,9,CH07_T04_04,DOC_CH07,19.00131072478887,3.6055000000000392,bm25
Q-040,10,CH03_T04_02,DOC_CH03,18.950922679985197,3.6055000000000392,bm25
Q-041,1,CH07_T05_08,DOC_CH07,23.469699446938314,3.800300000000034,bm25
Q-041,2,CH03_T04_02,DOC_CH03,23.131571132601035,3.800300000000034,bm25
Q-041,3,CH07_T05_02,DOC_CH07,23.030075890007748,3.800300000000034,bm25
Q-041,4,CH03_T04_08,DOC_CH03,20.126771886402558,3.800300000000034,bm25
Q-041,5,CH15_T01_02,DOC_CH15,19.92730178273597,3.800300000000034,bm25
Q-041,6,CH07_T05_10,DOC_CH07,19.00538741456884,3.800300000000034,bm25
Q-041,7,CH03_T04_03,DOC_CH03,18.930389852708707,3.800300000000034,bm25
Q-041,8,CH07_T05_03,DOC_CH07,18.638025222788617,3.800300000000034,bm25
Q-041,9,CH07_T05_07,DOC_CH07,18.446736072489507,3.800300000000034,bm25
Q-041,10,CH08_T01_02,DOC_CH08,18.39089874356992,3.800300000000034,bm25
Q-042,1,CH07_T06_08,DOC_CH07,31.21987639278818,3.7628000000000106,bm25
Q-042,2,CH07_T06_02,DOC_CH07,29.857316981986788,3.7628000000000106,bm25
Q-042,3,CH07_T06_10,DOC_CH07,26.74228121223801,3.7628000000000106,bm25
Q-042,4,CH07_T06_07,DOC_CH07,25.918914205563254,3.7628000000000106,bm25
Q-042,5,CH07_T06_06,DOC_CH07,25.4706898394951,3.7628000000000106,bm25
Q-042,6,CH07_T06_03,DOC_CH07,25.1264797796631,3.7628000000000106,bm25
Q-042,7,CH07_T06_09,DOC_CH07,25.111331020130603,3.7628000000000106,bm25
Q-042,8,CH07_T06_05,DOC_CH07,24.945305047897296,3.7628000000000106,bm25
Q-042,9,CH07_T06_04,DOC_CH07,23.431317404960925,3.7628000000000106,bm25
Q-042,10,CH07_T06_01,DOC_CH07,21.76351019867818,3.7628000000000106,bm25
Q-043,1,CH08_T01_02,DOC_CH08,30.23800055065145,3.9676000000000156,bm25
Q-043,2,CH08_T01_08,DOC_CH08,30.124939612125267,3.9676000000000156,bm25
Q-043,3,CH08_T01_10,DOC_CH08,26.074666354202726,3.9676000000000156,bm25
Q-043,4,CH08_T01_07,DOC_CH08,24.53188802176142,3.9676000000000156,bm25
Q-043,5,CH08_T01_09,DOC_CH08,23.631241274483134,3.9676000000000156,bm25
Q-043,6,CH08_T01_03,DOC_CH08,23.468093151272544,3.9676000000000156,bm25
Q-043,7,CH08_T01_05,DOC_CH08,23.444407335933754,3.9676000000000156,bm25
Q-043,8,CH08_T01_06,DOC_CH08,22.92375576434004,3.9676000000000156,bm25
Q-043,9,CH09_T05_02,DOC_CH09,22.108874016947368,3.9676000000000156,bm25
Q-043,10,CH09_T05_08,DOC_CH09,21.906925233201044,3.9676000000000156,bm25
Q-044,1,CH08_T01_08,DOC_CH08,21.844902118280196,3.7580999999999865,bm25
Q-044,2,CH08_T01_02,DOC_CH08,21.43498822233626,3.7580999999999865,bm25
Q-044,3,CH03_T04_02,DOC_CH03,18.950922679985197,3.7580999999999865,bm25
Q-044,4,CH15_T01_02,DOC_CH15,18.739572995137177,3.7580999999999865,bm25
Q-044,5,CH08_T02_08,DOC_CH08,18.33181826047205,3.7580999999999865,bm25
Q-044,6,CH08_T02_02,DOC_CH08,17.891505212045104,3.7580999999999865,bm25
Q-044,7,CH12_T05_08,DOC_CH12,17.748990582348053,3.7580999999999865,bm25
Q-044,8,CH08_T05_08,DOC_CH08,17.578185293960154,3.7580999999999865,bm25
Q-044,9,CH08_T01_07,DOC_CH08,17.56391476846655,3.7580999999999865,bm25
Q-044,10,CH08_T01_10,DOC_CH08,17.355108502628063,3.7580999999999865,bm25
Q-045,1,CH08_T01_08,DOC_CH08,21.844902118280196,4.16080000000002,bm25
Q-045,2,CH08_T01_02,DOC_CH08,21.43498822233626,4.16080000000002,bm25
Q-045,3,CH15_T06_08,DOC_CH15,21.079283274566368,4.16080000000002,bm25
Q-045,4,CH08_T03_08,DOC_CH08,21.000132831685182,4.16080000000002,bm25
Q-045,5,CH08_T03_02,DOC_CH08,20.59675820285313,4.16080000000002,bm25
Q-045,6,CH09_T02_08,DOC_CH09,19.472813675310096,4.16080000000002,bm25
Q-045,7,CH15_T06_02,DOC_CH15,19.210452166008427,4.16080000000002,bm25
Q-045,8,CH09_T02_02,DOC_CH09,19.05326151918897,4.16080000000002,bm25
Q-045,9,CH03_T04_02,DOC_CH03,18.950922679985197,4.16080000000002,bm25
Q-045,10,CH10_T04_08,DOC_CH10,18.79363928027854,4.16080000000002,bm25
Q-046,1,CH08_T04_08,DOC_CH08,27.417412687244994,3.7225000000000175,bm25
Q-046,2,CH08_T04_02,DOC_CH08,27.01726129741262,3.7225000000000175,bm25
Q-046,3,CH08_T04_10,DOC_CH08,22.70690838490837,3.7225000000000175,bm25
Q-046,4,CH08_T01_08,DOC_CH08,21.844902118280196,3.7225000000000175,bm25
Q-046,5,CH08_T04_07,DOC_CH08,21.813195571973157,3.7225000000000175,bm25
Q-046,6,CH08_T04_03,DOC_CH08,21.63748001060959,3.7225000000000175,bm25
Q-046,7,CH08_T01_02,DOC_CH08,21.43498822233626,3.7225000000000175,bm25
Q-046,8,CH08_T04_09,DOC_CH08,20.770141661757286,3.7225000000000175,bm25
Q-046,9,CH08_T04_05,DOC_CH08,20.5965906313645,3.7225000000000175,bm25
Q-046,10,CH08_T04_06,DOC_CH08,20.030163231174804,3.7225000000000175,bm25
Q-047,1,CH08_T05_08,DOC_CH08,25.651148422494998,3.675499999999998,bm25
Q-047,2,CH08_T05_02,DOC_CH08,25.282049578641573,3.675499999999998,bm25
Q-047,3,CH07_T02_08,DOC_CH07,22.713741601743465,3.675499999999998,bm25
Q-047,4,CH08_T01_08,DOC_CH08,21.844902118280196,3.675499999999998,bm25
Q-047,5,CH08_T01_02,DOC_CH08,21.43498822233626,3.675499999999998,bm25
Q-047,6,CH08_T05_10,DOC_CH08,21.07781513242479,3.675499999999998,bm25
Q-047,7,CH08_T05_03,DOC_CH08,20.034010168466832,3.675499999999998,bm25
Q-047,8,CH07_T02_02,DOC_CH07,19.823462801780803,3.675499999999998,bm25
Q-047,9,CH08_T05_06,DOC_CH08,19.56164637594071,3.675499999999998,bm25
Q-047,10,CH08_T05_09,DOC_CH08,19.201177984230952,3.675499999999998,bm25
Q-048,1,CH08_T06_08,DOC_CH08,24.017755650013314,3.927999999999987,bm25
Q-048,2,CH08_T06_02,DOC_CH08,23.561404594819926,3.927999999999987,bm25
Q-048,3,CH08_T01_08,DOC_CH08,21.844902118280196,3.927999999999987,bm25
Q-048,4,CH08_T01_02,DOC_CH08,21.43498822233626,3.927999999999987,bm25
Q-048,5,CH03_T04_02,DOC_CH03,20.894040066515245,3.927999999999987,bm25
Q-048,6,CH08_T06_10,DOC_CH08,19.501852797683537,3.927999999999987,bm25
Q-048,7,CH08_T06_07,DOC_CH08,18.946432445531965,3.927999999999987,bm25
Q-048,8,CH15_T01_02,DOC_CH15,18.739572995137177,3.927999999999987,bm25
Q-048,9,CH08_T06_06,DOC_CH08,18.72529057755818,3.927999999999987,bm25
Q-048,10,CH03_T04_06,DOC_CH03,18.604610599453284,3.927999999999987,bm25
Q-049,1,CH08_T01_08,DOC_CH08,21.844902118280196,9.065799999999957,bm25
Q-049,2,CH08_T01_02,DOC_CH08,21.43498822233626,9.065799999999957,bm25
Q-049,3,CH15_T01_02,DOC_CH15,19.92944884097898,9.065799999999957,bm25
Q-049,4,CH09_T01_08,DOC_CH09,19.82174626384883,9.065799999999957,bm25
Q-049,5,CH12_T05_08,DOC_CH12,19.491682349841,9.065799999999957,bm25
Q-049,6,CH09_T01_02,DOC_CH09,19.43174570476388,9.065799999999957,bm25
Q-049,7,CH03_T04_02,DOC_CH03,18.950922679985197,9.065799999999957,bm25
Q-049,8,CH12_T05_02,DOC_CH12,18.081495337804935,9.065799999999957,bm25
Q-049,9,CH09_T02_08,DOC_CH09,17.98320131632525,9.065799999999957,bm25
Q-049,10,CH09_T02_02,DOC_CH09,17.57337902803444,9.065799999999957,bm25
Q-050,1,CH09_T02_08,DOC_CH09,25.11804199037012,4.417099999999952,bm25
Q-050,2,CH09_T02_02,DOC_CH09,24.683124925084673,4.417099999999952,bm25
Q-050,3,CH10_T04_08,DOC_CH10,23.89988946390701,4.417099999999952,bm25
Q-050,4,CH10_T04_02,DOC_CH10,23.47976295989895,4.417099999999952,bm25
Q-050,5,CH08_T01_08,DOC_CH08,21.844902118280196,4.417099999999952,bm25
Q-050,6,CH08_T01_02,DOC_CH08,21.43498822233626,4.417099999999952,bm25
Q-050,7,CH09_T02_10,DOC_CH09,20.324723426822786,4.417099999999952,bm25
Q-050,8,CH10_T04_10,DOC_CH10,19.480128021792257,4.417099999999952,bm25
Q-050,9,CH09_T02_07,DOC_CH09,19.44025795852489,4.417099999999952,bm25
Q-050,10,CH10_T04_07,DOC_CH10,19.097399131151903,4.417099999999952,bm25
Q-051,1,CH09_T03_08,DOC_CH09,21.651625961234195,5.151400000000028,bm25
Q-051,2,CH09_T03_02,DOC_CH09,21.253356322402944,5.151400000000028,bm25
Q-051,3,CH03_T04_02,DOC_CH03,19.85583782017955,5.151400000000028,bm25
Q-051,4,CH15_T01_02,DOC_CH15,19.6174105750781,5.151400000000028,bm25
Q-051,5,CH08_T01_08,DOC_CH08,18.22828961932791,5.151400000000028,bm25
Q-051,6,CH07_T02_08,DOC_CH07,18.202929386075873,5.151400000000028,bm25
Q-051,7,CH08_T01_02,DOC_CH08,17.882837976694283,5.151400000000028,bm25
Q-051,8,CH03_T04_08,DOC_CH03,17.106275069916975,5.151400000000028,bm25
Q-051,9,CH09_T03_10,DOC_CH09,17.06102330977147,5.151400000000028,bm25
Q-051,10,CH15_T06_08,DOC_CH15,17.04170214403961,5.151400000000028,bm25
Q-052,1,CH08_T01_02,DOC_CH08,22.34552057354227,4.074199999999973,bm25
Q-052,2,CH15_T01_02,DOC_CH15,22.04838768249501,4.074199999999973,bm25
Q-052,3,CH08_T01_08,DOC_CH08,21.844902118280196,4.074199999999973,bm25
Q-052,4,CH07_T02_08,DOC_CH07,19.900992751490797,4.074199999999973,bm25
Q-052,5,CH03_T04_02,DOC_CH03,19.85583782017955,4.074199999999973,bm25
Q-052,6,CH09_T04_08,DOC_CH09,18.413534244652734,4.074199999999973,bm25
Q-052,7,CH15_T01_08,DOC_CH15,18.20590069995996,4.074199999999973,bm25
Q-052,8,CH09_T04_02,DOC_CH09,18.12940060726676,4.074199999999973,bm25
Q-052,9,CH07_T02_02,DOC_CH07,17.93509249396996,4.074199999999973,bm25
Q-052,10,CH15_T03_08,DOC_CH15,17.7919183690288,4.074199999999973,bm25
Q-053,1,CH08_T01_02,DOC_CH08,22.34552057354227,4.411799999999966,bm25
Q-053,2,CH08_T01_08,DOC_CH08,21.844902118280196,4.411799999999966,bm25
Q-053,3,CH09_T05_08,DOC_CH09,19.995041547841243,4.411799999999966,bm25
Q-053,4,CH09_T05_02,DOC_CH09,19.867038820261936,4.411799999999966,bm25
Q-053,5,CH03_T04_02,DOC_CH03,19.85583782017955,4.411799999999966,bm25
Q-053,6,CH15_T01_02,DOC_CH15,19.6174105750781,4.411799999999966,bm25
Q-053,7,CH08_T01_10,DOC_CH08,17.355108502628063,4.411799999999966,bm25
Q-053,8,CH07_T02_08,DOC_CH07,17.33162711509916,4.411799999999966,bm25
Q-053,9,CH12_T05_08,DOC_CH12,17.043642592883824,4.411799999999966,bm25
Q-053,10,CH08_T01_01,DOC_CH08,16.839750036503656,4.411799999999966,bm25
Q-054,1,CH08_T01_08,DOC_CH08,21.844902118280196,4.303500000000016,bm25
Q-054,2,CH08_T01_02,DOC_CH08,21.43498822233626,4.303500000000016,bm25
Q-054,3,CH03_T04_02,DOC_CH03,18.950922679985197,4.303500000000016,bm25
Q-054,4,CH09_T06_08,DOC_CH09,18.78226626353024,4.303500000000016,bm25
Q-054,5,CH15_T01_02,DOC_CH15,18.739572995137177,4.303500000000016,bm25
Q-054,6,CH09_T06_02,DOC_CH09,18.4223711148271,4.303500000000016,bm25
Q-054,7,CH08_T01_10,DOC_CH08,17.355108502628063,4.303500000000016,bm25
Q-054,8,CH07_T02_08,DOC_CH07,17.33162711509916,4.303500000000016,bm25
Q-054,9,CH12_T05_08,DOC_CH12,17.043642592883824,4.303500000000016,bm25
Q-054,10,CH08_T01_07,DOC_CH08,16.61737011575273,4.303500000000016,bm25
Q-055,1,CH10_T06_08,DOC_CH10,21.45090970632827,4.064500000000026,bm25
Q-055,2,CH10_T06_02,DOC_CH10,19.981493208109253,4.064500000000026,bm25
Q-055,3,CH15_T01_02,DOC_CH15,19.72278379911982,4.064500000000026,bm25
Q-055,4,CH03_T04_02,DOC_CH03,18.950922679985197,4.064500000000026,bm25
Q-055,5,CH10_T01_08,DOC_CH10,17.69063044030338,4.064500000000026,bm25
Q-055,6,CH08_T01_08,DOC_CH08,17.367872036399937,4.064500000000026,bm25
Q-055,7,CH10_T01_02,DOC_CH10,17.337804909454505,4.064500000000026,bm25
Q-055,8,CH07_T02_08,DOC_CH07,17.33162711509916,4.064500000000026,bm25
Q-055,9,CH08_T01_02,DOC_CH08,16.972305625488268,4.064500000000026,bm25
Q-055,10,CH12_T06_08,DOC_CH12,16.855673795884318,4.064500000000026,bm25
Q-056,1,CH03_T04_02,DOC_CH03,18.950922679985197,3.6095000000000432,bm25
Q-056,2,CH15_T01_02,DOC_CH15,18.739572995137177,3.6095000000000432,bm25
Q-056,3,CH10_T02_08,DOC_CH10,18.713889383825805,3.6095000000000432,bm25
Q-056,4,CH10_T06_08,DOC_CH10,18.50929515260128,3.6095000000000432,bm25
Q-056,5,CH10_T02_02,DOC_CH10,18.301466211460777,3.6095000000000432,bm25
Q-056,6,CH08_T01_08,DOC_CH08,17.367872036399937,3.6095000000000432,bm25
Q-056,7,CH07_T02_08,DOC_CH07,17.33162711509916,3.6095000000000432,bm25
Q-056,8,CH11_T01_08,DOC_CH11,17.329241095921006,3.6095000000000432,bm25
Q-056,9,CH10_T06_02,DOC_CH10,17.05825262048077,3.6095000000000432,bm25
Q-056,10,CH08_T01_02,DOC_CH08,16.972305625488268,3.6095000000000432,bm25
Q-057,1,CH10_T03_08,DOC_CH10,25.584251165862486,3.919800000000029,bm25
Q-057,2,CH10_T03_02,DOC_CH10,25.442036592593784,3.919800000000029,bm25
Q-057,3,CH10_T03_10,DOC_CH10,21.054155252284307,3.919800000000029,bm25
Q-057,4,CH11_T01_08,DOC_CH11,20.553904152905904,3.919800000000029,bm25
Q-057,5,CH10_T03_03,DOC_CH10,20.353886154797703,3.919800000000029,bm25
Q-057,6,CH10_T03_06,DOC_CH10,20.119708585802215,3.919800000000029,bm25
Q-057,7,CH10_T03_07,DOC_CH10,20.022527039672266,3.919800000000029,bm25
Q-057,8,CH11_T01_02,DOC_CH11,19.895727888757083,3.919800000000029,bm25
Q-057,9,CH03_T04_02,DOC_CH03,19.85583782017955,3.919800000000029,bm25
Q-057,10,CH15_T01_02,DOC_CH15,19.6174105750781,3.919800000000029,bm25
Q-058,1,CH10_T04_08,DOC_CH10,27.707287875657723,3.6246999999999807,bm25
Q-058,2,CH10_T04_02,DOC_CH10,27.271966162887423,3.6246999999999807,bm25
Q-058,3,CH09_T02_08,DOC_CH09,26.5792622975502,3.6246999999999807,bm25
Q-058,4,CH09_T02_02,DOC_CH09,26.12720448012578,3.6246999999999807,bm25
Q-058,5,CH10_T04_10,DOC_CH10,23.198045749668808,3.6246999999999807,bm25
Q-058,6,CH10_T04_07,DOC_CH10,22.395541205762573,3.6246999999999807,bm25
Q-058,7,CH10_T04_03,DOC_CH10,22.167797020374138,3.6246999999999807,bm25
Q-058,8,CH10_T04_06,DOC_CH10,21.9226379663214,3.6246999999999807,bm25
Q-058,9,CH09_T02_10,DOC_CH09,21.687338656965558,3.6246999999999807,bm25
Q-058,10,CH10_T04_09,DOC_CH10,21.56524936592955,3.6246999999999807,bm25
Q-059,1,CH07_T02_08,DOC_CH07,20.195209474563946,3.9546999999999777,bm25
Q-059,2,CH03_T04_02,DOC_CH03,19.85583782017955,3.9546999999999777,bm25
Q-059,3,CH15_T01_02,DOC_CH15,19.6174105750781,3.9546999999999777,bm25
Q-059,4,CH08_T01_08,DOC_CH08,18.22828961932791,3.9546999999999777,bm25
Q-059,5,CH08_T01_02,DOC_CH08,17.882837976694283,3.9546999999999777,bm25
Q-059,6,CH07_T02_02,DOC_CH07,17.361634204916722,3.9546999999999777,bm25
Q-059,7,CH03_T04_08,DOC_CH03,17.106275069916975,3.9546999999999777,bm25
Q-059,8,CH15_T06_08,DOC_CH15,17.04170214403961,3.9546999999999777,bm25
Q-059,9,CH09_T05_08,DOC_CH09,16.873297950344387,3.9546999999999777,bm25
Q-059,10,CH11_T01_08,DOC_CH11,16.80695768661417,3.9546999999999777,bm25
Q-060,1,CH10_T06_08,DOC_CH10,27.970065136835526,4.01109999999999,bm25
Q-060,2,CH10_T06_02,DOC_CH10,26.977327962318615,4.01109999999999,bm25
Q-060,3,CH10_T06_10,DOC_CH10,24.11942096604338,4.01109999999999,bm25
Q-060,4,CH10_T06_06,DOC_CH10,22.415322298968167,4.01109999999999,bm25
Q-060,5,CH10_T06_07,DOC_CH10,22.228631141020596,4.01109999999999,bm25
Q-060,6,CH10_T06_03,DOC_CH10,22.139768172211564,4.01109999999999,bm25
Q-060,7,CH15_T02_02,DOC_CH15,21.79329332272989,4.01109999999999,bm25
Q-060,8,CH10_T06_05,DOC_CH10,21.227123787383167,4.01109999999999,bm25
Q-060,9,CH03_T04_02,DOC_CH03,21.1008385539198,4.01109999999999,bm25
Q-060,10,CH08_T01_02,DOC_CH08,20.957621959107172,4.01109999999999,bm25
Q-061,1,CH03_T04_02,DOC_CH03,18.950922679985197,3.4895999999999816,bm25
Q-061,2,CH11_T01_08,DOC_CH11,18.93894517664267,3.4895999999999816,bm25
Q-061,3,CH15_T01_02,DOC_CH15,18.739572995137177,3.4895999999999816,bm25
Q-061,4,CH12_T06_08,DOC_CH12,18.0691346035617,3.4895999999999816,bm25
Q-061,5,CH08_T01_08,DOC_CH08,17.367872036399937,3.4895999999999816,bm25
Q-061,6,CH07_T02_08,DOC_CH07,17.33162711509916,3.4895999999999816,bm25
Q-061,7,CH11_T01_02,DOC_CH11,17.314054634976046,3.4895999999999816,bm25
Q-061,8,CH08_T01_02,DOC_CH08,16.972305625488268,3.4895999999999816,bm25
Q-061,9,CH12_T06_02,DOC_CH12,16.626124150767982,3.4895999999999816,bm25
Q-061,10,CH03_T04_08,DOC_CH03,16.25119848185888,3.4895999999999816,bm25
Q-062,1,CH11_T02_08,DOC_CH11,31.1441737071225,3.653499999999976,bm25
Q-062,2,CH11_T02_02,DOC_CH11,29.856137470551356,3.653499999999976,bm25
Q-062,3,CH11_T02_10,DOC_CH11,26.551742800179,3.653499999999976,bm25
Q-062,4,CH11_T02_07,DOC_CH11,25.434918054377945,3.653499999999976,bm25
Q-062,5,CH11_T02_06,DOC_CH11,25.0286896034888,3.653499999999976,bm25
Q-062,6,CH11_T02_03,DOC_CH11,24.92559471551585,3.653499999999976,bm25
Q-062,7,CH11_T02_09,DOC_CH11,24.651556402640797,3.653499999999976,bm25
Q-062,8,CH11_T02_05,DOC_CH11,23.63130274126726,3.653499999999976,bm25
Q-062,9,CH11_T02_04,DOC_CH11,22.961528228061148,3.653499999999976,bm25
Q-062,10,CH11_T03_08,DOC_CH11,22.31033608076091,3.653499999999976,bm25
Q-063,1,CH11_T03_08,DOC_CH11,25.647543204604546,3.4311000000000202,bm25
Q-063,2,CH11_T03_02,DOC_CH11,25.159976625438876,3.4311000000000202,bm25
Q-063,3,CH03_T04_02,DOC_CH03,22.15111101325901,3.4311000000000202,bm25
Q-063,4,CH11_T03_10,DOC_CH11,20.896803377509617,3.4311000000000202,bm25
Q-063,5,CH11_T03_07,DOC_CH11,20.013926471490883,3.4311000000000202,bm25
Q-063,6,CH11_T03_03,DOC_CH11,19.811270824988778,3.4311000000000202,bm25
Q-063,7,CH03_T04_08,DOC_CH03,19.471251808375257,3.4311000000000202,bm25
Q-063,8,CH07_T02_08,DOC_CH07,19.323907203587233,3.4311000000000202,bm25
Q-063,9,CH11_T03_09,DOC_CH11,19.132388256764955,3.4311000000000202,bm25
Q-063,10,CH15_T01_02,DOC_CH15,18.739572995137177,3.4311000000000202,bm25
Q-064,1,CH11_T04_08,DOC_CH11,27.95384196810548,3.609899999999999,bm25
Q-064,2,CH11_T04_02,DOC_CH11,27.296889244261763,3.609899999999999,bm25
Q-064,3,CH11_T05_08,DOC_CH11,23.85647510722981,3.609899999999999,bm25
Q-064,4,CH11_T05_02,DOC_CH11,23.31675033435686,3.609899999999999,bm25
Q-064,5,CH11_T04_10,DOC_CH11,23.262940147348115,3.609899999999999,bm25
Q-064,6,CH11_T04_03,DOC_CH11,22.382692970243998,3.609899999999999,bm25
Q-064,7,CH11_T04_07,DOC_CH11,22.139137615387664,3.609899999999999,bm25
Q-064,8,CH11_T04_06,DOC_CH11,21.880569205824745,3.609899999999999,bm25
Q-064,9,CH11_T04_09,DOC_CH11,21.728942864806488,3.609899999999999,bm25
Q-064,10,CH11_T04_05,DOC_CH11,21.126011977339957,3.609899999999999,bm25
Q-065,1,CH11_T05_08,DOC_CH11,31.402454290813054,3.8698000000000343,bm25
Q-065,2,CH11_T05_02,DOC_CH11,30.83716265675079,3.8698000000000343,bm25
Q-065,3,CH11_T05_10,DOC_CH11,26.786694567108395,3.8698000000000343,bm25
Q-065,4,CH11_T05_07,DOC_CH11,25.470275152419205,3.8698000000000343,bm25
Q-065,5,CH11_T05_06,DOC_CH11,25.258782451502952,3.8698000000000343,bm25
Q-065,6,CH11_T05_03,DOC_CH11,25.07431260015934,3.8698000000000343,bm25
Q-065,7,CH11_T05_05,DOC_CH11,24.50283407469718,3.8698000000000343,bm25
Q-065,8,CH11_T05_09,DOC_CH11,24.22049045846971,3.8698000000000343,bm25
Q-065,9,CH11_T05_04,DOC_CH11,22.96830722697362,3.8698000000000343,bm25
Q-065,10,CH11_T04_08,DOC_CH11,21.306917459403415,3.8698000000000343,bm25
Q-066,1,CH12_T06_08,DOC_CH12,24.327501771180653,4.246899999999998,bm25
Q-066,2,CH12_T06_02,DOC_CH12,22.85844748150186,4.246899999999998,bm25
Q-066,3,CH11_T06_08,DOC_CH11,22.054956991747623,4.246899999999998,bm25
Q-066,4,CH11_T06_02,DOC_CH11,20.521649397807217,4.246899999999998,bm25
Q-066,5,CH03_T04_02,DOC_CH03,20.270110213182235,4.246899999999998,bm25
Q-066,6,CH15_T01_02,DOC_CH15,19.72278379911982,4.246899999999998,bm25
Q-066,7,CH12_T06_10,DOC_CH12,19.717638461519353,4.246899999999998,bm25
Q-066,8,CH12_T06_03,DOC_CH12,19.085103222754036,4.246899999999998,bm25
Q-066,9,CH12_T06_07,DOC_CH12,18.826027532482073,4.246899999999998,bm25
Q-066,10,CH12_T06_09,DOC_CH12,17.99118948896644,4.246899999999998,bm25
Q-067,1,CH12_T06_08,DOC_CH12,22.15023213787775,3.807999999999978,bm25
Q-067,2,CH12_T06_02,DOC_CH12,20.68913346764361,3.807999999999978,bm25
Q-067,3,CH15_T01_02,DOC_CH15,19.59762993960898,3.807999999999978,bm25
Q-067,4,CH03_T04_02,DOC_CH03,18.950922679985197,3.807999999999978,bm25
Q-067,5,CH11_T01_08,DOC_CH11,18.93894517664267,3.807999999999978,bm25
Q-067,6,CH08_T01_08,DOC_CH08,18.638835979885354,3.807999999999978,bm25
Q-067,7,CH08_T01_02,DOC_CH08,18.23766126684713,3.807999999999978,bm25
Q-067,8,CH12_T06_10,DOC_CH12,17.79626791740834,3.807999999999978,bm25
Q-067,9,CH12_T01_08,DOC_CH12,17.346933357599767,3.807999999999978,bm25
Q-067,10,CH07_T02_08,DOC_CH07,17.33162711509916,3.807999999999978,bm25
Q-068,1,CH08_T01_08,DOC_CH08,19.12356186588166,4.2255999999999965,bm25
Q-068,2,CH07_T02_08,DOC_CH07,19.10952724860468,4.2255999999999965,bm25
Q-068,3,CH03_T04_02,DOC_CH03,18.950922679985197,4.2255999999999965,bm25
Q-068,4,CH15_T01_02,DOC_CH15,18.739572995137177,4.2255999999999965,bm25
Q-068,5,CH12_T02_08,DOC_CH12,18.039527597604835,4.2255999999999965,bm25
Q-068,6,CH03_T04_08,DOC_CH03,17.995989963191505,4.2255999999999965,bm25
Q-068,7,CH15_T06_08,DOC_CH15,17.89946976505278,4.2255999999999965,bm25
Q-068,8,CH11_T01_08,DOC_CH11,17.77477209152639,4.2255999999999965,bm25
Q-068,9,CH15_T01_08,DOC_CH15,17.452555866250126,4.2255999999999965,bm25
Q-068,10,CH03_T04_07,DOC_CH03,17.070484365066097,4.2255999999999965,bm25
Q-069,1,CH12_T05_08,DOC_CH12,28.317614894706665,3.675300000000048,bm25
Q-069,2,CH12_T05_02,DOC_CH12,26.872624091980313,3.675300000000048,bm25
Q-069,3,CH12_T03_08,DOC_CH12,23.764433932155015,3.675300000000048,bm25
Q-069,4,CH12_T05_10,DOC_CH12,23.591414778878537,3.675300000000048,bm25
Q-069,5,CH12_T03_02,DOC_CH12,23.356166485842394,3.675300000000048,bm25
Q-069,6,CH12_T05_07,DOC_CH12,22.603362203601357,3.675300000000048,bm25
Q-069,7,CH12_T05_03,DOC_CH12,22.521424991324164,3.675300000000048,bm25
Q-069,8,CH12_T05_06,DOC_CH12,22.02694741246455,3.675300000000048,bm25
Q-069,9,CH08_T01_08,DOC_CH08,21.844902118280196,3.675300000000048,bm25
Q-069,10,CH12_T05_09,DOC_CH12,21.64508031072899,3.675300000000048,bm25
Q-070,1,CH15_T01_02,DOC_CH15,21.367588937256052,3.583800000000026,bm25
Q-070,2,CH03_T04_02,DOC_CH03,21.183641135668076,3.583800000000026,bm25
Q-070,3,CH12_T04_08,DOC_CH12,20.01985535534359,3.583800000000026,bm25
Q-070,4,CH15_T06_08,DOC_CH15,19.858990751685763,3.583800000000026,bm25
Q-070,5,CH12_T04_02,DOC_CH12,19.640988547404273,3.583800000000026,bm25
Q-070,6,CH08_T01_08,DOC_CH08,19.62848258498823,3.583800000000026,bm25
Q-070,7,CH07_T02_08,DOC_CH07,19.620835452841575,3.583800000000026,bm25
Q-070,8,CH08_T01_02,DOC_CH08,19.21888355830677,3.583800000000026,bm25
Q-070,9,CH03_T04_08,DOC_CH03,18.497776414677382,3.583800000000026,bm25
Q-070,10,CH15_T01_08,DOC_CH15,18.401536221363312,3.583800000000026,bm25
Q-071,1,CH12_T05_08,DOC_CH12,33.95460104561809,3.8815000000000377,bm25
Q-071,2,CH12_T05_02,DOC_CH12,32.48451479681859,3.8815000000000377,bm25
Q-071,3,CH12_T05_10,DOC_CH12,29.081106962673502,3.8815000000000377,bm25
Q-071,4,CH12_T05_07,DOC_CH12,27.999061610670342,3.8815000000000377,bm25
Q-071,5,CH12_T05_03,DOC_CH12,27.987313309229155,3.8815000000000377,bm25
Q-071,6,CH12_T05_06,DOC_CH12,27.46923740522039,3.8815000000000377,bm25
Q-071,7,CH12_T05_09,DOC_CH12,27.06397486832743,3.8815000000000377,bm25
Q-071,8,CH12_T05_05,DOC_CH12,26.86114117477642,3.8815000000000377,bm25
Q-071,9,CH12_T05_04,DOC_CH12,25.292035383315714,3.8815000000000377,bm25
Q-071,10,CH12_T03_08,DOC_CH12,23.764433932155015,3.8815000000000377,bm25
Q-072,1,CH12_T06_08,DOC_CH12,30.915243045759134,3.8940000000000086,bm25
Q-072,2,CH12_T06_02,DOC_CH12,29.416990606412543,3.8940000000000086,bm25
Q-072,3,CH12_T06_10,DOC_CH12,26.133989022847103,3.8940000000000086,bm25
Q-072,4,CH12_T06_03,DOC_CH12,25.473751950818723,3.8940000000000086,bm25
Q-072,5,CH12_T06_07,DOC_CH12,25.132987602214307,3.8940000000000086,bm25
Q-072,6,CH12_T06_09,DOC_CH12,24.325146003572392,3.8940000000000086,bm25
Q-072,7,CH12_T06_05,DOC_CH12,24.131480248576878,3.8940000000000086,bm25
Q-072,8,CH12_T06_06,DOC_CH12,23.779329088155404,3.8940000000000086,bm25
Q-072,9,CH12_T06_04,DOC_CH12,22.834787968840246,3.8940000000000086,bm25
Q-072,10,CH11_T06_08,DOC_CH11,22.054956991747623,3.8940000000000086,bm25
Q-073,1,CH13_T01_02,DOC_CH13,26.769522962933564,3.8034999999999597,bm25
Q-073,2,CH13_T01_08,DOC_CH13,26.50049496703383,3.8034999999999597,bm25
Q-073,3,CH13_T05_08,DOC_CH13,23.1698403245366,3.8034999999999597,bm25
Q-073,4,CH13_T05_02,DOC_CH13,22.797247930409906,3.8034999999999597,bm25
Q-073,5,CH13_T01_07,DOC_CH13,21.632939069110527,3.8034999999999597,bm25
Q-073,6,CH13_T01_03,DOC_CH13,21.581991684533406,3.8034999999999597,bm25
Q-073,7,CH13_T01_06,DOC_CH13,21.139042112136067,3.8034999999999597,bm25
Q-073,8,CH13_T01_09,DOC_CH13,20.89007161632033,3.8034999999999597,bm25
Q-073,9,CH13_T01_10,DOC_CH13,20.730887983436123,3.8034999999999597,bm25
Q-073,10,CH13_T06_08,DOC_CH13,20.693700610045695,3.8034999999999597,bm25
Q-074,1,CH15_T01_02,DOC_CH15,21.367588937256052,3.795700000000013,bm25
Q-074,2,CH03_T04_02,DOC_CH03,21.183641135668076,3.795700000000013,bm25
Q-074,3,CH13_T02_08,DOC_CH13,20.748048942283145,3.795700000000013,bm25
Q-074,4,CH13_T02_02,DOC_CH13,20.296723381162757,3.795700000000013,bm25
Q-074,5,CH15_T06_08,DOC_CH15,19.858990751685763,3.795700000000013,bm25
Q-074,6,CH08_T01_08,DOC_CH08,19.62848258498823,3.795700000000013,bm25
Q-074,7,CH07_T02_08,DOC_CH07,19.620835452841575,3.795700000000013,bm25
Q-074,8,CH08_T01_02,DOC_CH08,19.21888355830677,3.795700000000013,bm25
Q-074,9,CH03_T04_08,DOC_CH03,18.497776414677382,3.795700000000013,bm25
Q-074,10,CH15_T01_08,DOC_CH15,18.401536221363312,3.795700000000013,bm25
Q-075,1,CH13_T03_08,DOC_CH13,34.19907806583111,4.055100000000033,bm25
Q-075,2,CH13_T03_02,DOC_CH13,33.69831932289137,4.055100000000033,bm25
Q-075,3,CH13_T03_10,DOC_CH13,28.322333224794008,4.055100000000033,bm25
Q-075,4,CH13_T03_07,DOC_CH13,27.26926121971006,4.055100000000033,bm25
Q-075,5,CH13_T03_06,DOC_CH13,26.866371390828654,4.055100000000033,bm25
Q-075,6,CH13_T03_03,DOC_CH13,26.2991975923757,4.055100000000033,bm25
Q-075,7,CH13_T03_05,DOC_CH13,26.250223392940157,4.055100000000033,bm25
Q-075,8,CH13_T03_09,DOC_CH13,25.50324186677192,4.055100000000033,bm25
Q-075,9,CH13_T03_04,DOC_CH13,24.661850157672536,4.055100000000033,bm25
Q-075,10,CH15_T01_02,DOC_CH15,21.367588937256052,4.055100000000033,bm25
Q-076,1,CH13_T04_08,DOC_CH13,23.456427792636546,3.7953000000000015,bm25
Q-076,2,CH13_T04_02,DOC_CH13,22.066053808455468,3.7953000000000015,bm25
Q-076,3,CH13_T04_10,DOC_CH13,19.310326216126537,3.7953000000000015,bm25
Q-076,4,CH13_T03_08,DOC_CH13,19.13289073400494,3.7953000000000015,bm25
Q-076,5,CH03_T04_02,DOC_CH03,18.950922679985197,3.7953000000000015,bm25
Q-076,6,CH15_T01_02,DOC_CH15,18.739572995137177,3.7953000000000015,bm25
Q-076,7,CH13_T03_02,DOC_CH13,18.686240469045128,3.7953000000000015,bm25
Q-076,8,CH13_T04_07,DOC_CH13,18.073378073133842,3.7953000000000015,bm25
Q-076,9,CH13_T04_06,DOC_CH13,17.97667207910614,3.7953000000000015,bm25
Q-076,10,CH13_T04_03,DOC_CH13,17.656158458789534,3.7953000000000015,bm25
Q-077,1,CH13_T05_08,DOC_CH13,33.93477883768676,4.182999999999993,bm25
Q-077,2,CH13_T05_06,DOC_CH13,33.131141163216874,4.182999999999993,bm25
Q-077,3,CH13_T05_05,DOC_CH13,32.84298214661745,4.182999999999993,bm25
Q-077,4,CH13_T05_07,DOC_CH13,32.68588820723997,4.182999999999993,bm25
Q-077,5,CH13_T05_03,DOC_CH13,32.655441388224965,4.182999999999993,bm25
Q-077,6,CH13_T05_09,DOC_CH13,31.273859645279853,4.182999999999993,bm25
Q-077,7,CH13_T05_04,DOC_CH13,30.97346355306694,4.182999999999993,bm25
Q-077,8,CH13_T05_02,DOC_CH13,30.91504952712319,4.182999999999993,bm25
Q-077,9,CH13_T05_10,DOC_CH13,30.460221940591605,4.182999999999993,bm25
Q-077,10,CH13_T01_06,DOC_CH13,28.11029797702559,4.182999999999993,bm25
Q-078,1,CH13_T06_07,DOC_CH13,20.2649359956553,3.1979000000000313,bm25
Q-078,2,CH13_T06_06,DOC_CH13,20.229934438474686,3.1979000000000313,bm25
Q-078,3,CH13_T06_08,DOC_CH13,19.81697042095,3.1979000000000313,bm25
Q-078,4,CH13_T06_05,DOC_CH13,19.36959276605199,3.1979000000000313,bm25
Q-078,5,CH13_T06_03,DOC_CH13,19.347098225046068,3.1979000000000313,bm25
Q-078,6,CH13_T03_07,DOC_CH13,18.916929007971643,3.1979000000000313,bm25
Q-078,7,CH13_T03_06,DOC_CH13,18.888564036024267,3.1979000000000313,bm25
Q-078,8,CH13_T03_08,DOC_CH13,18.508223478110246,3.1979000000000313,bm25
Q-078,9,CH13_T06_09,DOC_CH13,18.174797489037065,3.1979000000000313,bm25
Q-078,10,CH13_T03_05,DOC_CH13,18.021585778368333,3.1979000000000313,bm25
Q-079,1,CH14_T02_07,DOC_CH14,16.983132186079448,3.217799999999993,bm25
Q-079,2,CH14_T02_06,DOC_CH14,16.931389880049473,3.217799999999993,bm25
Q-079,3,CH14_T02_08,DOC_CH14,16.249030398103347,3.217799999999993,bm25
Q-079,4,CH14_T01_06,DOC_CH14,16.24104527999135,3.217799999999993,bm25
Q-079,5,CH14_T02_05,DOC_CH14,16.06024045290068,3.217799999999993,bm25
Q-079,6,CH14_T02_03,DOC_CH14,15.993427760679667,3.217799999999993,bm25
Q-079,7,CH14_T01_08,DOC_CH14,15.680715900119473,3.217799999999993,bm25
Q-079,8,CH14_T01_07,DOC_CH14,15.54645443772689,3.217799999999993,bm25
Q-079,9,CH16_T03_07,DOC_CH16,15.458190021321036,3.217799999999993,bm25
Q-079,10,CH14_T01_05,DOC_CH14,15.386791120796264,3.217799999999993,bm25
Q-080,1,CH14_T02_07,DOC_CH14,20.742773195734806,3.34089999999998,bm25
Q-080,2,CH14_T02_06,DOC_CH14,20.520736053485663,3.34089999999998,bm25
Q-080,3,CH14_T02_08,DOC_CH14,19.940875553145126,3.34089999999998,bm25
Q-080,4,CH14_T02_03,DOC_CH14,19.711233169186198,3.34089999999998,bm25
Q-080,5,CH14_T02_05,DOC_CH14,19.624845045553432,3.34089999999998,bm25
Q-080,6,CH14_T02_09,DOC_CH14,18.506047011988613,3.34089999999998,bm25
Q-080,7,CH14_T02_04,DOC_CH14,17.447272308103038,3.34089999999998,bm25
Q-080,8,CH14_T06_08,DOC_CH14,17.04372388255415,3.34089999999998,bm25
Q-080,9,CH14_T06_06,DOC_CH14,16.934167213190243,3.34089999999998,bm25
Q-080,10,CH14_T01_07,DOC_CH14,16.88166784273248,3.34089999999998,bm25
Q-081,1,CH14_T03_06,DOC_CH14,19.344254289356698,3.304100000000032,bm25
Q-081,2,CH14_T03_07,DOC_CH14,19.33392409103715,3.304100000000032,bm25
Q-081,3,CH14_T03_08,DOC_CH14,18.97554558635371,3.304100000000032,bm25
Q-081,4,CH14_T03_03,DOC_CH14,18.43105673068871,3.304100000000032,bm25
Q-081,5,CH14_T03_09,DOC_CH14,17.200824811399546,3.304100000000032,bm25
Q-081,6,CH14_T03_05,DOC_CH14,17.036308396982374,3.304100000000032,bm25
Q-081,7,CH14_T03_02,DOC_CH14,16.18973367656208,3.304100000000032,bm25
Q-081,8,CH14_T03_04,DOC_CH14,16.049015524909674,3.304100000000032,bm25
Q-081,9,CH16_T03_08,DOC_CH16,15.524921351202389,3.304100000000032,bm25
Q-081,10,CH14_T03_10,DOC_CH14,15.264667902465106,3.304100000000032,bm25
Q-082,1,CH14_T04_08,DOC_CH14,17.332781422830656,3.070499999999976,bm25
Q-082,2,CH14_T04_06,DOC_CH14,16.807604588842324,3.070499999999976,bm25
Q-082,3,CH14_T04_05,DOC_CH14,16.465693324070465,3.070499999999976,bm25
Q-082,4,CH14_T04_07,DOC_CH14,16.136221735078365,3.070499999999976,bm25
Q-082,5,CH14_T04_03,DOC_CH14,15.855810366246002,3.070499999999976,bm25
Q-082,6,CH16_T03_08,DOC_CH16,15.524921351202389,3.070499999999976,bm25
Q-082,7,CH14_T04_09,DOC_CH14,14.726313651650853,3.070499999999976,bm25
Q-082,8,CH11_T05_08,DOC_CH11,14.60402044766686,3.070499999999976,bm25
Q-082,9,CH14_T04_02,DOC_CH14,14.142137208263604,3.070499999999976,bm25
Q-082,10,CH14_T04_04,DOC_CH14,14.115279469806085,3.070499999999976,bm25
Q-083,1,CH14_T05_07,DOC_CH14,19.858518769180602,3.1958999999999738,bm25
Q-083,2,CH14_T05_06,DOC_CH14,19.796029770808904,3.1958999999999738,bm25
Q-083,3,CH14_T05_03,DOC_CH14,19.14492219674708,3.1958999999999738,bm25
Q-083,4,CH14_T05_08,DOC_CH14,18.939878796045548,3.1958999999999738,bm25
Q-083,5,CH14_T05_05,DOC_CH14,18.5701874435982,3.1958999999999738,bm25
Q-083,6,CH16_T03_07,DOC_CH16,17.85370018798965,3.1958999999999738,bm25
Q-083,7,CH14_T05_09,DOC_CH14,17.796080061223574,3.1958999999999738,bm25
Q-083,8,CH16_T03_03,DOC_CH16,17.557378096987208,3.1958999999999738,bm25
Q-083,9,CH16_T03_08,DOC_CH16,17.523710330646875,3.1958999999999738,bm25
Q-083,10,CH16_T03_05,DOC_CH16,16.968215651202154,3.1958999999999738,bm25
Q-084,1,CH14_T06_06,DOC_CH14,17.920609390292697,3.2342000000000204,bm25
Q-084,2,CH14_T06_08,DOC_CH14,17.77692872520192,3.2342000000000204,bm25
Q-084,3,CH14_T06_05,DOC_CH14,17.365080970324424,3.2342000000000204,bm25
Q-084,4,CH14_T06_07,DOC_CH14,16.907389454545974,3.2342000000000204,bm25
Q-084,5,CH14_T06_03,DOC_CH14,16.66318750852452,3.2342000000000204,bm25
Q-084,6,CH14_T06_09,DOC_CH14,15.77793492113164,3.2342000000000204,bm25
Q-084,7,CH14_T06_02,DOC_CH14,15.612710975591796,3.2342000000000204,bm25
Q-084,8,CH14_T06_04,DOC_CH14,15.166308245622707,3.2342000000000204,bm25
Q-084,9,CH14_T06_10,DOC_CH14,15.06836035001977,3.2342000000000204,bm25
Q-084,10,CH16_T03_02,DOC_CH16,14.293820355372482,3.2342000000000204,bm25
Q-085,1,CH15_T03_07,DOC_CH15,20.872596956270588,3.182399999999974,bm25
Q-085,2,CH15_T03_06,DOC_CH15,20.478901577131353,3.182399999999974,bm25
Q-085,3,CH15_T03_08,DOC_CH15,20.208436993847908,3.182399999999974,bm25
Q-085,4,CH15_T03_03,DOC_CH15,19.750593655408274,3.182399999999974,bm25
Q-085,5,CH15_T03_05,DOC_CH15,19.58664715826296,3.182399999999974,bm25
Q-085,6,CH15_T03_09,DOC_CH15,18.65754262643205,3.182399999999974,bm25
Q-085,7,CH15_T03_01,DOC_CH15,18.529990069370857,3.182399999999974,bm25
Q-085,8,CH15_T03_04,DOC_CH15,17.52973961898403,3.182399999999974,bm25
Q-085,9,CH15_T01_07,DOC_CH15,17.06888701488942,3.182399999999974,bm25
Q-085,10,CH15_T03_02,DOC_CH15,17.047965540239083,3.182399999999974,bm25
Q-086,1,CH15_T02_07,DOC_CH15,23.889356761537716,3.160200000000002,bm25
Q-086,2,CH15_T02_06,DOC_CH15,23.460130092028187,3.160200000000002,bm25
Q-086,3,CH15_T02_08,DOC_CH15,23.145599881540914,3.160200000000002,bm25
Q-086,4,CH15_T02_03,DOC_CH15,22.550759361995002,3.160200000000002,bm25
Q-086,5,CH15_T02_05,DOC_CH15,22.534664538984163,3.160200000000002,bm25
Q-086,6,CH15_T02_09,DOC_CH15,21.547487156286785,3.160200000000002,bm25
Q-086,7,CH15_T02_04,DOC_CH15,20.380411048157217,3.160200000000002,bm25
Q-086,8,CH11_T05_07,DOC_CH11,20.123393099730364,3.160200000000002,bm25
Q-086,9,CH15_T02_02,DOC_CH15,19.842919351002493,3.160200000000002,bm25
Q-086,10,CH15_T02_10,DOC_CH15,19.82820650508042,3.160200000000002,bm25
Q-087,1,CH15_T03_06,DOC_CH15,27.57879170570179,3.0060000000000087,bm25
Q-087,2,CH15_T03_07,DOC_CH15,27.532508812824684,3.0060000000000087,bm25
Q-087,3,CH15_T03_08,DOC_CH15,27.51041112228504,3.0060000000000087,bm25
Q-087,4,CH15_T03_03,DOC_CH15,26.737297151794277,3.0060000000000087,bm25
Q-087,5,CH15_T03_05,DOC_CH15,26.637165583221375,3.0060000000000087,bm25
Q-087,6,CH15_T03_09,DOC_CH15,25.482782073276912,3.0060000000000087,bm25
Q-087,7,CH15_T03_04,DOC_CH15,24.32977734341105,3.0060000000000087,bm25
Q-087,8,CH15_T03_02,DOC_CH15,24.324284641809236,3.0060000000000087,bm25
Q-087,9,CH15_T03_10,DOC_CH15,24.16673621085032,3.0060000000000087,bm25
Q-087,10,CH15_T03_01,DOC_CH15,21.194630854128427,3.0060000000000087,bm25
Q-088,1,CH15_T04_07,DOC_CH15,30.032733661035845,3.400000000000014,bm25
Q-088,2,CH15_T04_06,DOC_CH15,29.87160521985539,3.400000000000014,bm25
Q-088,3,CH15_T04_08,DOC_CH15,29.38193197705735,3.400000000000014,bm25
Q-088,4,CH15_T04_03,DOC_CH15,29.21149285990691,3.400000000000014,bm25
Q-088,5,CH15_T04_05,DOC_CH15,28.63684741632801,3.400000000000014,bm25
Q-088,6,CH15_T04_09,DOC_CH15,28.056965938252645,3.400000000000014,bm25
Q-088,7,CH15_T04_04,DOC_CH15,27.06224372869792,3.400000000000014,bm25
Q-088,8,CH15_T04_02,DOC_CH15,26.824264124530572,3.400000000000014,bm25
Q-088,9,CH15_T04_10,DOC_CH15,26.3242203816639,3.400000000000014,bm25
Q-088,10,CH15_T04_01,DOC_CH15,22.479674294733243,3.400000000000014,bm25
Q-089,1,CH15_T05_07,DOC_CH15,19.892474806179226,3.3727999999999536,bm25
Q-089,2,CH15_T05_06,DOC_CH15,19.793432764910293,3.3727999999999536,bm25
Q-089,3,CH15_T05_08,DOC_CH15,19.681945548843498,3.3727999999999536,bm25
Q-089,4,CH15_T05_05,DOC_CH15,18.992399275402484,3.3727999999999536,bm25
Q-089,5,CH15_T05_03,DOC_CH15,18.971580828155144,3.3727999999999536,bm25
Q-089,6,CH15_T05_09,DOC_CH15,17.889773896342735,3.3727999999999536,bm25
Q-089,7,CH15_T05_10,DOC_CH15,17.284212218552128,3.3727999999999536,bm25
Q-089,8,CH15_T05_04,DOC_CH15,16.842514644566627,3.3727999999999536,bm25
Q-089,9,CH15_T05_02,DOC_CH15,16.48187677209577,3.3727999999999536,bm25
Q-089,10,CH16_T03_08,DOC_CH16,14.460883408773201,3.3727999999999536,bm25
Q-090,1,CH15_T06_06,DOC_CH15,18.70667789936118,3.1875000000000098,bm25
Q-090,2,CH15_T06_08,DOC_CH15,18.25735367602413,3.1875000000000098,bm25
Q-090,3,CH15_T06_05,DOC_CH15,17.904641557405565,3.1875000000000098,bm25
Q-090,4,CH15_T06_07,DOC_CH15,17.651330533087975,3.1875000000000098,bm25
Q-090,5,CH15_T06_03,DOC_CH15,17.396070022350774,3.1875000000000098,bm25
Q-090,6,CH15_T06_09,DOC_CH15,16.72271287207358,3.1875000000000098,bm25
Q-090,7,CH15_T06_02,DOC_CH15,16.600201488870315,3.1875000000000098,bm25
Q-090,8,CH14_T06_08,DOC_CH14,16.234591374148053,3.1875000000000098,bm25
Q-090,9,CH15_T06_04,DOC_CH15,15.742452961006913,3.1875000000000098,bm25
Q-090,10,CH16_T03_08,DOC_CH16,15.524921351202389,3.1875000000000098,bm25
Q-091,1,CH16_T01_06,DOC_CH16,31.672661415259515,3.1393000000000115,bm25
Q-091,2,CH16_T01_07,DOC_CH16,31.67102042129025,3.1393000000000115,bm25
Q-091,3,CH16_T01_08,DOC_CH16,31.56034011070992,3.1393000000000115,bm25
Q-091,4,CH16_T01_03,DOC_CH16,30.857025183123742,3.1393000000000115,bm25
Q-091,5,CH16_T01_05,DOC_CH16,30.772384269522238,3.1393000000000115,bm25
Q-091,6,CH16_T01_09,DOC_CH16,29.66064997971403,3.1393000000000115,bm25
Q-091,7,CH16_T03_07,DOC_CH16,29.20809366296614,3.1393000000000115,bm25
Q-091,8,CH16_T03_08,DOC_CH16,29.130195415220413,3.1393000000000115,bm25
Q-091,9,CH16_T01_04,DOC_CH16,28.5465142739764,3.1393000000000115,bm25
Q-091,10,CH16_T01_02,DOC_CH16,28.498023748455598,3.1393000000000115,bm25
Q-092,1,CH16_T03_08,DOC_CH16,15.524921351202389,3.046099999999996,bm25
Q-092,2,CH16_T02_07,DOC_CH16,15.247838235851972,3.046099999999996,bm25
Q-092,3,CH16_T02_06,DOC_CH16,15.190917805888082,3.046099999999996,bm25
Q-092,4,CH16_T02_08,DOC_CH16,15.118959365548037,3.046099999999996,bm25
Q-092,5,CH11_T05_08,DOC_CH11,14.60402044766686,3.046099999999996,bm25
Q-092,6,CH16_T02_03,DOC_CH16,14.279795971988298,3.046099999999996,bm25
Q-092,7,CH16_T02_05,DOC_CH16,13.93863330582632,3.046099999999996,bm25
Q-092,8,CH04_T06_08,DOC_CH04,13.903347935254619,3.046099999999996,bm25
Q-092,9,CH16_T03_07,DOC_CH16,13.832823014268506,3.046099999999996,bm25
Q-092,10,CH14_T03_07,DOC_CH14,13.746906376483343,3.046099999999996,bm25
Q-093,1,CH16_T03_07,DOC_CH16,21.76515009105327,2.912199999999976,bm25
Q-093,2,CH16_T03_08,DOC_CH16,21.565372160142655,2.912199999999976,bm25
Q-093,3,CH16_T03_03,DOC_CH16,20.91403463836536,2.912199999999976,bm25
Q-093,4,CH16_T03_05,DOC_CH16,20.879665554265774,2.912199999999976,bm25
Q-093,5,CH16_T03_06,DOC_CH16,19.734571833879073,2.912199999999976,bm25
Q-093,6,CH16_T03_09,DOC_CH16,19.72050357325646,2.912199999999976,bm25
Q-093,7,CH16_T03_04,DOC_CH16,18.602007641452396,2.912199999999976,bm25
Q-093,8,CH16_T03_02,DOC_CH16,18.456348392832297,2.912199999999976,bm25
Q-093,9,CH16_T03_10,DOC_CH16,18.381264847124474,2.912199999999976,bm25
Q-093,10,CH16_T03_01,DOC_CH16,16.00035262582293,2.912199999999976,bm25
Q-094,1,CH16_T04_06,DOC_CH16,26.798433213544484,3.3411999999999886,bm25
Q-094,2,CH16_T04_08,DOC_CH16,26.693044427917883,3.3411999999999886,bm25
Q-094,3,CH16_T04_03,DOC_CH16,26.46093670075892,3.3411999999999886,bm25
Q-094,4,CH16_T04_07,DOC_CH16,26.253376746053302,3.3411999999999886,bm25
Q-094,5,CH16_T04_05,DOC_CH16,25.539640083496273,3.3411999999999886,bm25
Q-094,6,CH16_T04_09,DOC_CH16,24.30263191077117,3.3411999999999886,bm25
Q-094,7,CH16_T04_02,DOC_CH16,23.936125698320975,3.3411999999999886,bm25
Q-094,8,CH16_T04_04,DOC_CH16,23.651898444024628,3.3411999999999886,bm25
Q-094,9,CH16_T04_10,DOC_CH16,23.404484682167542,3.3411999999999886,bm25
Q-094,10,CH16_T04_01,DOC_CH16,19.99187496028774,3.3411999999999886,bm25
Q-095,1,CH14_T05_06,DOC_CH14,21.154105744033522,3.5464999999999525,bm25
Q-095,2,CH14_T05_07,DOC_CH14,20.56074705483056,3.5464999999999525,bm25
Q-095,3,CH14_T05_05,DOC_CH14,20.22395266897368,3.5464999999999525,bm25
Q-095,4,CH14_T05_08,DOC_CH14,19.998701987951613,3.5464999999999525,bm25
Q-095,5,CH14_T05_03,DOC_CH14,19.859758048259355,3.5464999999999525,bm25
Q-095,6,CH14_T05_09,DOC_CH14,19.146124685712593,3.5464999999999525,bm25
Q-095,7,CH16_T03_05,DOC_CH16,18.318260275691177,3.5464999999999525,bm25
Q-095,8,CH16_T03_08,DOC_CH16,18.274490865623854,3.5464999999999525,bm25
Q-095,9,CH14_T05_04,DOC_CH14,18.18166450672896,3.5464999999999525,bm25
Q-095,10,CH16_T03_07,DOC_CH16,17.85370018798965,3.5464999999999525,bm25
Q-096,1,CH16_T06_06,DOC_CH16,20.872103601025444,3.6255000000000037,bm25
Q-096,2,CH16_T06_08,DOC_CH16,20.77421600451475,3.6255000000000037,bm25
Q-096,3,CH16_T06_07,DOC_CH16,20.418580688017915,3.6255000000000037,bm25
Q-096,4,CH16_T06_03,DOC_CH16,19.506276632379123,3.6255000000000037,bm25
Q-096,5,CH16_T06_05,DOC_CH16,19.180466535114885,3.6255000000000037,bm25
Q-096,6,CH15_T06_06,DOC_CH15,19.113365300080357,3.6255000000000037,bm25
Q-096,7,CH16_T06_09,DOC_CH16,18.72967984836847,3.6255000000000037,bm25
Q-096,8,CH09_T05_08,DOC_CH09,18.066763941724606,3.6255000000000037,bm25
Q-096,9,CH16_T06_02,DOC_CH16,17.851158268305348,3.6255000000000037,bm25
Q-096,10,CH14_T03_06,DOC_CH14,17.452890266640186,3.6255000000000037,bm25
Q-097,1,CH01_T01_06,DOC_CH01,26.177069300548872,3.057700000000052,bm25
Q-097,2,CH01_T01_08,DOC_CH01,26.14511818018334,3.057700000000052,bm25
Q-097,3,CH01_T01_07,DOC_CH01,25.55072836029448,3.057700000000052,bm25
Q-097,4,CH01_T01_03,DOC_CH01,25.386440439080243,3.057700000000052,bm25
Q-097,5,CH01_T01_05,DOC_CH01,24.68053459818465,3.057700000000052,bm25
Q-097,6,CH01_T01_09,DOC_CH01,23.777764584947278,3.057700000000052,bm25
Q-097,7,CH01_T01_02,DOC_CH01,23.316507085470512,3.057700000000052,bm25
Q-097,8,CH01_T01_10,DOC_CH01,22.95928101138182,3.057700000000052,bm25
Q-097,9,CH01_T01_04,DOC_CH01,22.859243977345404,3.057700000000052,bm25
Q-097,10,CH01_T01_01,DOC_CH01,21.762768664506503,3.057700000000052,bm25
Q-098,1,CH16_T03_08,DOC_CH16,17.562602420060706,3.8581999999999783,bm25
Q-098,2,CH11_T05_06,DOC_CH11,16.642156205584392,3.8581999999999783,bm25
Q-098,3,CH16_T03_06,DOC_CH16,16.23102800283344,3.8581999999999783,bm25
Q-098,4,CH16_T03_05,DOC_CH16,15.999635110118838,3.8581999999999783,bm25
Q-098,5,CH16_T03_03,DOC_CH16,15.978088380057523,3.8581999999999783,bm25
Q-098,6,CH16_T03_07,DOC_CH16,15.970319179761093,3.8581999999999783,bm25
Q-098,7,CH01_T03_06,DOC_CH01,15.614843477072252,3.8581999999999783,bm25
Q-098,8,CH01_T03_08,DOC_CH01,15.496293844277938,3.8581999999999783,bm25
Q-098,9,CH11_T05_08,DOC_CH11,15.450002531687769,3.8581999999999783,bm25
Q-098,10,CH01_T03_07,DOC_CH01,15.440818347649056,3.8581999999999783,bm25
Q-099,1,CH16_T03_08,DOC_CH16,19.41176421447043,3.617099999999984,bm25
Q-099,2,CH16_T03_05,DOC_CH16,18.13240069848676,3.617099999999984,bm25
Q-099,3,CH01_T03_08,DOC_CH01,18.0769847720076,3.617099999999984,bm25
Q-099,4,CH01_T03_06,DOC_CH01,17.970580638193276,3.617099999999984,bm25
Q-099,5,CH01_T03_07,DOC_CH01,17.94687522154738,3.617099999999984,bm25
Q-099,6,CH16_T03_07,DOC_CH16,17.710125801616048,3.617099999999984,bm25
Q-099,7,CH16_T03_06,DOC_CH16,17.61210517576212,3.617099999999984,bm25
Q-099,8,CH01_T03_03,DOC_CH01,17.414456034882466,3.617099999999984,bm25
Q-099,9,CH16_T03_03,DOC_CH16,17.367480442552484,3.617099999999984,bm25
Q-099,10,CH11_T05_06,DOC_CH11,16.271476243546733,3.617099999999984,bm25
Q-100,1,CH01_T04_07,DOC_CH01,21.906622585910608,3.5996999999999835,bm25
Q-100,2,CH01_T04_08,DOC_CH01,21.097792287400402,3.5996999999999835,bm25
Q-100,3,CH01_T04_06,DOC_CH01,21.082962437569556,3.5996999999999835,bm25
Q-100,4,CH01_T04_03,DOC_CH01,21.00998536155825,3.5996999999999835,bm25
Q-100,5,CH01_T04_05,DOC_CH01,20.642361590692424,3.5996999999999835,bm25
Q-100,6,CH01_T04_09,DOC_CH01,19.904893843002682,3.5996999999999835,bm25
Q-100,7,CH01_T04_04,DOC_CH01,18.84448277120048,3.5996999999999835,bm25
Q-100,8,CH01_T04_10,DOC_CH01,18.598348516002126,3.5996999999999835,bm25
Q-100,9,CH01_T04_02,DOC_CH01,18.556933699123956,3.5996999999999835,bm25
Q-100,10,CH01_T04_01,DOC_CH01,15.869701765060574,3.5996999999999835,bm25
Q-101,1,CH01_T05_07,DOC_CH01,16.429105180021512,3.318600000000005,bm25
Q-101,2,CH01_T05_06,DOC_CH01,16.254999245419988,3.318600000000005,bm25
Q-101,3,CH01_T05_08,DOC_CH01,15.247325751516225,3.318600000000005,bm25
Q-101,4,CH11_T05_06,DOC_CH11,14.845325436323519,3.318600000000005,bm25
Q-101,5,CH09_T05_06,DOC_CH09,14.716170172059439,3.318600000000005,bm25
Q-101,6,CH01_T05_03,DOC_CH01,14.569206453266075,3.318600000000005,bm25
Q-101,7,CH01_T05_09,DOC_CH01,14.478217643986406,3.318600000000005,bm25
Q-101,8,CH16_T03_03,DOC_CH16,14.441175064034805,3.318600000000005,bm25
Q-101,9,CH01_T05_05,DOC_CH01,14.338022369702431,3.318600000000005,bm25
Q-101,10,CH09_T05_07,DOC_CH09,14.11353768631221,3.318600000000005,bm25
Q-102,1,CH01_T06_06,DOC_CH01,20.810044303972756,3.2464999999999855,bm25
Q-102,2,CH01_T06_08,DOC_CH01,20.585127229323437,3.2464999999999855,bm25
Q-102,3,CH01_T06_07,DOC_CH01,20.04211663546642,3.2464999999999855,bm25
Q-102,4,CH01_T06_03,DOC_CH01,19.293946666301427,3.2464999999999855,bm25
Q-102,5,CH01_T06_05,DOC_CH01,18.982362774032094,3.2464999999999855,bm25
Q-102,6,CH14_T05_06,DOC_CH14,18.885758384176906,3.2464999999999855,bm25
Q-102,7,CH01_T06_09,DOC_CH01,18.68431928951781,3.2464999999999855,bm25
Q-102,8,CH14_T05_08,DOC_CH14,18.623366138504444,3.2464999999999855,bm25
Q-102,9,CH01_T06_04,DOC_CH01,18.402003335404324,3.2464999999999855,bm25
Q-102,10,CH14_T05_07,DOC_CH14,17.944444564493683,3.2464999999999855,bm25
Q-103,1,CH11_T05_06,DOC_CH11,15.578781440054955,3.3059000000000283,bm25
Q-103,2,CH16_T03_07,DOC_CH16,15.250149248343291,3.3059000000000283,bm25
Q-103,3,CH09_T05_06,DOC_CH09,14.832910130238973,3.3059000000000283,bm25
Q-103,4,CH16_T03_08,DOC_CH16,14.75651375436269,3.3059000000000283,bm25
Q-103,5,CH16_T03_06,DOC_CH16,14.66696119034751,3.3059000000000283,bm25
Q-103,6,CH04_T06_06,DOC_CH04,14.554948435416708,3.3059000000000283,bm25
Q-103,7,CH16_T03_05,DOC_CH16,14.364664711555795,3.3059000000000283,bm25
Q-103,8,CH16_T03_03,DOC_CH16,14.313587557182226,3.3059000000000283,bm25
Q-103,9,CH04_T03_06,DOC_CH04,13.636244396968994,3.3059000000000283,bm25
Q-103,10,CH04_T04_06,DOC_CH04,13.636244396968994,3.3059000000000283,bm25
Q-104,1,CH15_T03_06,DOC_CH15,18.399385296082905,3.2610999999999613,bm25
Q-104,2,CH02_T02_07,DOC_CH02,17.106763716202998,3.2610999999999613,bm25
Q-104,3,CH16_T03_07,DOC_CH16,16.5297178003812,3.2610999999999613,bm25
Q-104,4,CH15_T03_07,DOC_CH15,16.23650565444434,3.2610999999999613,bm25
Q-104,5,CH02_T02_08,DOC_CH02,16.160941274637775,3.2610999999999613,bm25
Q-104,6,CH02_T02_06,DOC_CH02,15.951303639919296,3.2610999999999613,bm25
Q-104,7,CH02_T02_03,DOC_CH02,15.87199784427374,3.2610999999999613,bm25
Q-104,8,CH02_T02_05,DOC_CH02,15.618944961516974,3.2610999999999613,bm25
Q-104,9,CH16_T03_03,DOC_CH16,15.616267354727396,3.2610999999999613,bm25
Q-104,10,CH11_T05_06,DOC_CH11,15.578781440054955,3.2610999999999613,bm25
Q-105,1,CH02_T03_07,DOC_CH02,17.68412679183013,3.018099999999968,bm25
Q-105,2,CH02_T03_08,DOC_CH02,17.225390177518744,3.018099999999968,bm25
Q-105,3,CH02_T03_03,DOC_CH02,17.210917500800313,3.018099999999968,bm25
Q-105,4,CH02_T03_05,DOC_CH02,16.873838720156247,3.018099999999968,bm25
Q-105,5,CH02_T03_06,DOC_CH02,16.8188730921945,3.018099999999968,bm25
Q-105,6,CH02_T03_09,DOC_CH02,16.078881384508716,3.018099999999968,bm25
Q-105,7,CH02_T03_04,DOC_CH02,15.019095829155379,3.018099999999968,bm25
Q-105,8,CH02_T03_02,DOC_CH02,14.627642397244879,3.018099999999968,bm25
Q-105,9,CH02_T03_10,DOC_CH02,14.299757747817345,3.018099999999968,bm25
Q-105,10,CH02_T04_07,DOC_CH02,14.199390675955245,3.018099999999968,bm25
Q-106,1,CH02_T04_07,DOC_CH02,22.34467852309858,3.006000000000064,bm25
Q-106,2,CH02_T04_06,DOC_CH02,22.002108483350078,3.006000000000064,bm25
Q-106,3,CH02_T04_08,DOC_CH02,21.996560493645585,3.006000000000064,bm25
Q-106,4,CH02_T04_03,DOC_CH02,21.62671804504519,3.006000000000064,bm25
Q-106,5,CH02_T04_05,DOC_CH02,21.24921922122229,3.006000000000064,bm25
Q-106,6,CH02_T04_09,DOC_CH02,19.931211938430813,3.006000000000064,bm25
Q-106,7,CH02_T04_04,DOC_CH02,19.41535850420353,3.006000000000064,bm25
Q-106,8,CH02_T04_02,DOC_CH02,19.400051665803304,3.006000000000064,bm25
Q-106,9,CH02_T04_10,DOC_CH02,18.633867377883757,3.006000000000064,bm25
Q-106,10,CH02_T03_07,DOC_CH02,16.958087756399962,3.006000000000064,bm25
Q-107,1,CH02_T05_07,DOC_CH02,21.377697050065976,3.1963000000000408,bm25
Q-107,2,CH02_T05_06,DOC_CH02,21.28413167101492,3.1963000000000408,bm25
Q-107,3,CH02_T05_08,DOC_CH02,20.8445808271307,3.1963000000000408,bm25
Q-107,4,CH02_T05_05,DOC_CH02,20.478129143353943,3.1963000000000408,bm25
Q-107,5,CH02_T05_03,DOC_CH02,20.44312401891129,3.1963000000000408,bm25
Q-107,6,CH02_T05_09,DOC_CH02,19.349267820302206,3.1963000000000408,bm25
Q-107,7,CH02_T05_04,DOC_CH02,18.29090774080794,3.1963000000000408,bm25
Q-107,8,CH02_T05_10,DOC_CH02,17.96950771837371,3.1963000000000408,bm25
Q-107,9,CH02_T05_02,DOC_CH02,17.879812962644117,3.1963000000000408,bm25
Q-107,10,CH03_T06_07,DOC_CH03,16.759768847458187,3.1963000000000408,bm25
Q-108,1,CH02_T06_06,DOC_CH02,30.28502510743494,3.2227000000000228,bm25
Q-108,2,CH02_T06_07,DOC_CH02,29.941294243826338,3.2227000000000228,bm25
Q-108,3,CH02_T06_08,DOC_CH02,29.83121700903241,3.2227000000000228,bm25
Q-108,4,CH02_T06_03,DOC_CH02,29.125045461452405,3.2227000000000228,bm25
Q-108,5,CH02_T06_05,DOC_CH02,29.05302789928121,3.2227000000000228,bm25
Q-108,6,CH02_T06_09,DOC_CH02,27.95977387750968,3.2227000000000228,bm25
Q-108,7,CH02_T06_02,DOC_CH02,27.33872417146064,3.2227000000000228,bm25
Q-108,8,CH02_T06_04,DOC_CH02,26.866878421423138,3.2227000000000228,bm25
Q-108,9,CH02_T06_10,DOC_CH02,26.71304072596189,3.2227000000000228,bm25
Q-108,10,CH02_T06_01,DOC_CH02,22.709530735237443,3.2227000000000228,bm25
Q-109,1,CH11_T05_06,DOC_CH11,15.96830601922158,3.2775999999999916,bm25
Q-109,2,CH11_T05_08,DOC_CH11,15.162456084237672,3.2775999999999916,bm25
Q-109,3,CH11_T05_07,DOC_CH11,14.900887013841812,3.2775999999999916,bm25
Q-109,4,CH11_T05_05,DOC_CH11,14.41894722472744,3.2775999999999916,bm25
Q-109,5,CH11_T05_01,DOC_CH11,13.93022796413661,3.2775999999999916,bm25
Q-109,6,CH16_T03_07,DOC_CH16,13.832823014268506,3.2775999999999916,bm25
Q-109,7,CH03_T01_06,DOC_CH03,13.8075355840352,3.2775999999999916,bm25
Q-109,8,CH11_T05_09,DOC_CH11,13.643200800369817,3.2775999999999916,bm25
Q-109,9,CH16_T03_08,DOC_CH16,13.250101783432621,3.2775999999999916,bm25
Q-109,10,CH03_T01_08,DOC_CH03,13.166059243179067,3.2775999999999916,bm25
Q-110,1,CH03_T06_07,DOC_CH03,15.984910039398764,3.5636999999999475,bm25
Q-110,2,CH03_T02_06,DOC_CH03,15.184959401514798,3.5636999999999475,bm25
Q-110,3,CH03_T06_06,DOC_CH03,15.100894530970997,3.5636999999999475,bm25
Q-110,4,CH03_T06_03,DOC_CH03,15.030378009887237,3.5636999999999475,bm25
Q-110,5,CH03_T03_06,DOC_CH03,15.028896317215825,3.5636999999999475,bm25
Q-110,6,CH03_T06_08,DOC_CH03,14.968007332703415,3.5636999999999475,bm25
Q-110,7,CH03_T03_08,DOC_CH03,14.627686557025338,3.5636999999999475,bm25
Q-110,8,CH03_T02_08,DOC_CH03,14.54656606580096,3.5636999999999475,bm25
Q-110,9,CH03_T03_07,DOC_CH03,14.167223766631137,3.5636999999999475,bm25
Q-110,10,CH03_T02_07,DOC_CH03,14.029436949002035,3.5636999999999475,bm25
Q-111,1,CH03_T03_06,DOC_CH03,23.154171798037407,3.061100000000039,bm25
Q-111,2,CH03_T03_08,DOC_CH03,23.016078538214114,3.061100000000039,bm25
Q-111,3,CH03_T03_05,DOC_CH03,22.237984407839615,3.061100000000039,bm25
Q-111,4,CH03_T03_07,DOC_CH03,22.229314273598376,3.061100000000039,bm25
Q-111,5,CH03_T03_03,DOC_CH03,21.769215725116904,3.061100000000039,bm25
Q-111,6,CH03_T03_09,DOC_CH03,20.689649915140922,3.061100000000039,bm25
Q-111,7,CH03_T03_02,DOC_CH03,19.92681832713271,3.061100000000039,bm25
Q-111,8,CH03_T03_04,DOC_CH03,19.665793144477995,3.061100000000039,bm25
Q-111,9,CH03_T03_10,DOC_CH03,19.66068628711169,3.061100000000039,bm25
Q-111,10,CH03_T03_01,DOC_CH03,18.20375482689942,3.061100000000039,bm25
Q-112,1,CH03_T04_08,DOC_CH03,19.899297122500407,3.441200000000033,bm25
Q-112,2,CH03_T04_06,DOC_CH03,19.68017807320168,3.441200000000033,bm25
Q-112,3,CH03_T04_05,DOC_CH03,19.337145844732706,3.441200000000033,bm25
Q-112,4,CH03_T04_07,DOC_CH03,19.3060584189803,3.441200000000033,bm25
Q-112,5,CH03_T04_03,DOC_CH03,18.775990681313935,3.441200000000033,bm25
Q-112,6,CH03_T04_09,DOC_CH03,17.92034197368264,3.441200000000033,bm25
Q-112,7,CH03_T04_04,DOC_CH03,17.09808949002269,3.441200000000033,bm25
Q-112,8,CH03_T04_02,DOC_CH03,16.863117270515808,3.441200000000033,bm25
Q-112,9,CH03_T04_10,DOC_CH03,16.675444958033914,3.441200000000033,bm25
Q-112,10,CH03_T04_01,DOC_CH03,16.028245014352237,3.441200000000033,bm25
Q-113,1,CH03_T05_06,DOC_CH03,19.109052765168805,3.169900000000059,bm25
Q-113,2,CH03_T05_07,DOC_CH03,18.690113009742753,3.169900000000059,bm25
Q-113,3,CH03_T05_03,DOC_CH03,18.491917977828287,3.169900000000059,bm25
Q-113,4,CH03_T05_08,DOC_CH03,18.209648582110578,3.169900000000059,bm25
Q-113,5,CH11_T05_06,DOC_CH11,18.07744063726417,3.169900000000059,bm25
Q-113,6,CH03_T02_06,DOC_CH03,17.5448175260208,3.169900000000059,bm25
Q-113,7,CH11_T04_07,DOC_CH11,17.539680523582273,3.169900000000059,bm25
Q-113,8,CH03_T05_05,DOC_CH03,17.528397610111387,3.169900000000059,bm25
Q-113,9,CH11_T04_06,DOC_CH11,17.499168661718027,3.169900000000059,bm25
Q-113,10,CH11_T05_08,DOC_CH11,17.308173326881278,3.169900000000059,bm25
Q-114,1,CH03_T06_06,DOC_CH03,24.77341460456107,2.8607999999999967,bm25
Q-114,2,CH02_T05_06,DOC_CH02,23.321361219123833,2.8607999999999967,bm25
Q-114,3,CH03_T06_05,DOC_CH03,21.004696739058264,2.8607999999999967,bm25
Q-114,4,CH02_T05_05,DOC_CH02,19.694603035637794,2.8607999999999967,bm25
Q-114,5,CH03_T03_06,DOC_CH03,19.10890527810703,2.8607999999999967,bm25
Q-114,6,CH03_T02_06,DOC_CH03,18.948268389493048,2.8607999999999967,bm25
Q-114,7,CH03_T06_04,DOC_CH03,18.683612944448562,2.8607999999999967,bm25
Q-114,8,CH03_T05_06,DOC_CH03,18.406789903951125,2.8607999999999967,bm25
Q-114,9,CH12_T06_06,DOC_CH12,17.598355991827002,2.8607999999999967,bm25
Q-114,10,CH02_T05_04,DOC_CH02,17.477470882861947,2.8607999999999967,bm25
Q-115,1,CH14_T02_06,DOC_CH14,15.664832915509242,2.545400000000031,bm25
Q-115,2,CH04_T02_06,DOC_CH04,15.648471458675195,2.545400000000031,bm25
Q-115,3,CH10_T03_06,DOC_CH10,15.57349938791674,2.545400000000031,bm25
Q-115,4,CH16_T05_06,DOC_CH16,15.559080932259805,2.545400000000031,bm25
Q-115,5,CH07_T05_06,DOC_CH07,15.22490315168021,2.545400000000031,bm25
Q-115,6,CH05_T02_06,DOC_CH05,14.19737736483675,2.545400000000031,bm25
Q-115,7,CH04_T03_06,DOC_CH04,14.151250805735401,2.545400000000031,bm25
Q-115,8,CH04_T04_06,DOC_CH04,14.151250805735401,2.545400000000031,bm25
Q-115,9,CH04_T05_06,DOC_CH04,14.151250805735401,2.545400000000031,bm25
Q-115,10,CH05_T05_06,DOC_CH05,13.80943941705412,2.545400000000031,bm25
Q-116,1,CH04_T02_06,DOC_CH04,21.533673279680333,2.6791000000000453,bm25
Q-116,2,CH04_T02_05,DOC_CH04,18.933165130166135,2.6791000000000453,bm25
Q-116,3,CH05_T01_06,DOC_CH05,18.555244985562215,2.6791000000000453,bm25
Q-116,4,CH04_T03_06,DOC_CH04,18.28728385467676,2.6791000000000453,bm25
Q-116,5,CH04_T04_06,DOC_CH04,18.28728385467676,2.6791000000000453,bm25
Q-116,6,CH04_T05_06,DOC_CH04,18.28728385467676,2.6791000000000453,bm25
Q-116,7,CH05_T02_06,DOC_CH05,18.207386287817716,2.6791000000000453,bm25
Q-116,8,CH06_T01_06,DOC_CH06,17.29146563824696,2.6791000000000453,bm25
Q-116,9,CH05_T03_06,DOC_CH05,16.70368481934436,2.6791000000000453,bm25
Q-116,10,CH05_T04_06,DOC_CH05,15.99789943342111,2.6791000000000453,bm25
Q-117,1,CH04_T03_06,DOC_CH04,24.375008983290943,2.956300000000023,bm25
Q-117,2,CH04_T04_06,DOC_CH04,21.98363311647459,2.956300000000023,bm25
Q-117,3,CH04_T05_06,DOC_CH04,21.98363311647459,2.956300000000023,bm25
Q-117,4,CH04_T06_06,DOC_CH04,21.569768136061963,2.956300000000023,bm25
Q-117,5,CH04_T03_05,DOC_CH04,20.400666608159977,2.956300000000023,bm25
Q-117,6,CH04_T04_05,DOC_CH04,18.030395287114562,2.956300000000023,bm25
Q-117,7,CH04_T05_05,DOC_CH04,18.030395287114562,2.956300000000023,bm25
Q-117,8,CH04_T03_04,DOC_CH04,17.960371893208002,2.956300000000023,bm25
Q-117,9,CH04_T06_05,DOC_CH04,17.69092510294694,2.956300000000023,bm25
Q-117,10,CH10_T03_06,DOC_CH10,16.757873971586825,2.956300000000023,bm25
Q-118,1,CH04_T04_06,DOC_CH04,23.210140251826584,2.865699999999971,bm25
Q-118,2,CH04_T03_06,DOC_CH04,21.98363311647459,2.865699999999971,bm25
Q-118,3,CH04_T05_06,DOC_CH04,21.98363311647459,2.865699999999971,bm25
Q-118,4,CH04_T06_06,DOC_CH04,21.569768136061963,2.865699999999971,bm25
Q-118,5,CH04_T04_05,DOC_CH04,19.44492521718985,2.865699999999971,bm25
Q-118,6,CH04_T03_05,DOC_CH04,18.88547187517266,2.865699999999971,bm25
Q-118,7,CH04_T05_05,DOC_CH04,18.88547187517266,2.865699999999971,bm25
Q-118,8,CH04_T06_05,DOC_CH04,18.535516185527904,2.865699999999971,bm25
Q-118,9,CH04_T04_04,DOC_CH04,16.805783446746705,2.865699999999971,bm25
Q-118,10,CH10_T03_06,DOC_CH10,16.757873971586825,2.865699999999971,bm25
Q-119,1,CH04_T05_06,DOC_CH04,24.17780320091457,3.0390999999999613,bm25
Q-119,2,CH04_T03_06,DOC_CH04,21.98363311647459,3.0390999999999613,bm25
Q-119,3,CH04_T04_06,DOC_CH04,21.98363311647459,3.0390999999999613,bm25
Q-119,4,CH04_T06_06,DOC_CH04,21.569768136061963,3.0390999999999613,bm25
Q-119,5,CH04_T05_05,DOC_CH04,20.20520122072453,3.0390999999999613,bm25
Q-119,6,CH04_T03_05,DOC_CH04,18.030395287114562,3.0390999999999613,bm25
Q-119,7,CH04_T04_05,DOC_CH04,18.030395287114562,3.0390999999999613,bm25
Q-119,8,CH04_T05_04,DOC_CH04,17.764906505772554,3.0390999999999613,bm25
Q-119,9,CH04_T06_05,DOC_CH04,17.69092510294694,3.0390999999999613,bm25
Q-119,10,CH10_T03_06,DOC_CH10,16.757873971586825,3.0390999999999613,bm25
Q-120,1,CH04_T06_06,DOC_CH04,28.61842642050686,2.6146000000000225,bm25
Q-120,2,CH04_T06_05,DOC_CH04,24.700388450148306,2.6146000000000225,bm25
Q-120,3,CH04_T06_04,DOC_CH04,22.266341829060174,2.6146000000000225,bm25
Q-120,4,CH04_T03_06,DOC_CH04,21.98363311647459,2.6146000000000225,bm25
Q-120,5,CH04_T04_06,DOC_CH04,21.98363311647459,2.6146000000000225,bm25
Q-120,6,CH04_T05_06,DOC_CH04,21.98363311647459,2.6146000000000225,bm25
Q-120,7,CH04_T06_07,DOC_CH04,20.916222197197335,2.6146000000000225,bm25
Q-120,8,CH04_T06_08,DOC_CH04,20.59314639050001,2.6146000000000225,bm25
Q-120,9,CH04_T06_03,DOC_CH04,19.834438230373994,2.6146000000000225,bm25
Q-120,10,CH04_T06_09,DOC_CH04,19.46639021612044,2.6146000000000225,bm25
Q-121,1,CH05_T02_06,DOC_CH05,25.440576562544965,3.0086999999999753,bm25
Q-121,2,CH05_T01_06,DOC_CH05,24.42130990892259,3.0086999999999753,bm25
Q-121,3,CH05_T03_06,DOC_CH05,23.76929986456414,3.0086999999999753,bm25
Q-121,4,CH05_T04_06,DOC_CH05,21.76882170289711,3.0086999999999753,bm25
Q-121,5,CH05_T02_05,DOC_CH05,21.609219456760055,3.0086999999999753,bm25
Q-121,6,CH04_T02_06,DOC_CH04,21.533673279680333,3.0086999999999753,bm25
Q-121,7,CH05_T01_05,DOC_CH05,20.881256930002483,3.0086999999999753,bm25
Q-121,8,CH05_T03_05,DOC_CH05,20.096297399362356,3.0086999999999753,bm25
Q-121,9,CH05_T02_04,DOC_CH05,19.232848133387098,3.0086999999999753,bm25
Q-121,10,CH10_T01_06,DOC_CH10,19.07013678495053,3.0086999999999753,bm25
Q-122,1,CH05_T02_06,DOC_CH05,26.493166105352746,3.3455000000000013,bm25
Q-122,2,CH05_T02_05,DOC_CH05,22.666379843611296,3.3455000000000013,bm25
Q-122,3,CH05_T03_06,DOC_CH05,21.994222265158847,3.3455000000000013,bm25
Q-122,4,CH10_T01_06,DOC_CH10,21.476946164178074,3.3455000000000013,bm25
Q-122,5,CH10_T03_06,DOC_CH10,20.52820939561119,3.3455000000000013,bm25
Q-122,6,CH05_T02_04,DOC_CH05,20.290008520238334,3.3455000000000013,bm25
Q-122,7,CH10_T06_06,DOC_CH10,19.492434952927386,3.3455000000000013,bm25
Q-122,8,CH10_T01_05,DOC_CH10,19.12648600744985,3.3455000000000013,bm25
Q-122,9,CH05_T01_06,DOC_CH05,18.996985057890164,3.3455000000000013,bm25
Q-122,10,CH05_T02_07,DOC_CH05,18.96922728514451,3.3455000000000013,bm25
Q-123,1,CH05_T03_06,DOC_CH05,24.873334570171032,4.180900000000043,bm25
Q-123,2,CH05_T02_06,DOC_CH05,21.430567639564,4.180900000000043,bm25
Q-123,3,CH05_T03_05,DOC_CH05,21.31890959059286,4.180900000000043,bm25
Q-123,4,CH05_T03_04,DOC_CH05,19.06806435386155,4.180900000000043,bm25
Q-123,5,CH05_T01_06,DOC_CH05,18.996985057890164,4.180900000000043,bm25
Q-123,6,CH05_T02_05,DOC_CH05,18.318870857116234,4.180900000000043,bm25
Q-123,7,CH05_T04_06,DOC_CH05,18.13524197942981,4.180900000000043,bm25
Q-123,8,CH11_T04_06,DOC_CH11,17.873522163730154,4.180900000000043,bm25
Q-123,9,CH15_T02_06,DOC_CH15,17.864983219156024,4.180900000000043,bm25
Q-123,10,CH11_T05_06,DOC_CH11,17.640063703569446,4.180900000000043,bm25
Q-124,1,CH05_T04_06,DOC_CH05,25.09521841337015,2.9615999999998976,bm25
Q-124,2,CH05_T04_05,DOC_CH05,21.63499685568439,2.9615999999998976,bm25
Q-124,3,CH05_T02_06,DOC_CH05,21.430567639564,2.9615999999998976,bm25
Q-124,4,CH05_T03_06,DOC_CH05,19.92335041058789,2.9615999999998976,bm25
Q-124,5,CH05_T04_04,DOC_CH05,19.527155722351818,2.9615999999998976,bm25
Q-124,6,CH05_T01_06,DOC_CH05,18.996985057890164,2.9615999999998976,bm25
Q-124,7,CH05_T04_07,DOC_CH05,18.253495588115687,2.9615999999998976,bm25
Q-124,8,CH05_T04_08,DOC_CH05,18.124488092010342,2.9615999999998976,bm25
Q-124,9,CH11_T04_06,DOC_CH11,17.873522163730154,2.9615999999998976,bm25
Q-124,10,CH15_T02_06,DOC_CH15,17.864983219156024,2.9615999999998976,bm25
Q-125,1,CH05_T05_06,DOC_CH05,20.170624482348206,2.7002000000000415,bm25
Q-125,2,CH05_T05_05,DOC_CH05,16.450377587307525,2.7002000000000415,bm25
Q-125,3,CH14_T02_06,DOC_CH14,15.664832915509242,2.7002000000000415,bm25
Q-125,4,CH04_T02_06,DOC_CH04,15.648471458675195,2.7002000000000415,bm25
Q-125,5,CH10_T03_06,DOC_CH10,15.57349938791674,2.7002000000000415,bm25
Q-125,6,CH16_T05_06,DOC_CH16,15.559080932259805,2.7002000000000415,bm25
Q-125,7,CH07_T05_06,DOC_CH07,15.22490315168021,2.7002000000000415,bm25
Q-125,8,CH05_T02_06,DOC_CH05,14.19737736483675,2.7002000000000415,bm25
Q-125,9,CH04_T03_06,DOC_CH04,14.151250805735401,2.7002000000000415,bm25
Q-125,10,CH04_T04_06,DOC_CH04,14.151250805735401,2.7002000000000415,bm25
Q-126,1,CH10_T03_06,DOC_CH10,24.252907453719537,2.6796999999999516,bm25
Q-126,2,CH05_T06_06,DOC_CH05,21.6580226455473,2.6796999999999516,bm25
Q-126,3,CH10_T03_05,DOC_CH10,21.190562953610396,2.6796999999999516,bm25
Q-126,4,CH05_T05_06,DOC_CH05,19.90284778955892,2.6796999999999516,bm25
Q-126,5,CH10_T03_04,DOC_CH10,18.236776358048377,2.6796999999999516,bm25
Q-126,6,CH05_T06_05,DOC_CH05,18.048641722780648,2.6796999999999516,bm25
Q-126,7,CH10_T03_07,DOC_CH10,17.392627584608864,2.6796999999999516,bm25
Q-126,8,CH10_T03_08,DOC_CH10,17.351027397625266,2.6796999999999516,bm25
Q-126,9,CH10_T03_03,DOC_CH10,16.574789372831823,2.6796999999999516,bm25
Q-126,10,CH10_T03_09,DOC_CH10,16.216793631429084,2.6796999999999516,bm25
Q-127,1,CH06_T01_06,DOC_CH06,16.764002865772845,2.7734999999999843,bm25
Q-127,2,CH06_T05_06,DOC_CH06,16.060986978200674,2.7734999999999843,bm25
Q-127,3,CH06_T06_06,DOC_CH06,15.607645424246419,2.7734999999999843,bm25
Q-127,4,CH10_T03_06,DOC_CH10,15.57349938791674,2.7734999999999843,bm25
Q-127,5,CH16_T05_06,DOC_CH16,15.559080932259805,2.7734999999999843,bm25
Q-127,6,CH07_T05_06,DOC_CH07,15.22490315168021,2.7734999999999843,bm25
Q-127,7,CH06_T03_06,DOC_CH06,15.091927445011427,2.7734999999999843,bm25
Q-127,8,CH03_T05_06,DOC_CH03,14.392028974627891,2.7734999999999843,bm25
Q-127,9,CH06_T04_06,DOC_CH06,14.214168400475716,2.7734999999999843,bm25
Q-127,10,CH01_T05_06,DOC_CH01,13.744871573678314,2.7734999999999843,bm25
Q-128,1,CH06_T02_06,DOC_CH06,23.36554600013957,3.1649999999999734,bm25
Q-128,2,CH11_T01_06,DOC_CH11,19.567645776946847,3.1649999999999734,bm25
Q-128,3,CH10_T03_06,DOC_CH10,19.435102345501324,3.1649999999999734,bm25
Q-128,4,CH06_T01_06,DOC_CH06,19.29763285538384,3.1649999999999734,bm25
Q-128,5,CH06_T02_05,DOC_CH06,19.169508686223807,3.1649999999999734,bm25
Q-128,6,CH12_T01_06,DOC_CH12,19.164857859759014,3.1649999999999734,bm25
Q-128,7,CH11_T03_06,DOC_CH11,18.77267076005722,3.1649999999999734,bm25
Q-128,8,CH01_T04_06,DOC_CH01,18.51787002017023,3.1649999999999734,bm25
Q-128,9,CH02_T05_06,DOC_CH02,18.51274711606391,3.1649999999999734,bm25
Q-128,10,CH06_T05_06,DOC_CH06,18.401124266706326,3.1649999999999734,bm25
Q-129,1,CH06_T03_06,DOC_CH06,21.246175468223413,2.5639000000000634,bm25
Q-129,2,CH06_T03_05,DOC_CH06,18.06879019727932,2.5639000000000634,bm25
Q-129,3,CH06_T03_04,DOC_CH06,15.747706402669614,2.5639000000000634,bm25
Q-129,4,CH10_T03_06,DOC_CH10,15.57349938791674,2.5639000000000634,bm25
Q-129,5,CH16_T05_06,DOC_CH16,15.559080932259805,2.5639000000000634,bm25
Q-129,6,CH07_T05_06,DOC_CH07,15.22490315168021,2.5639000000000634,bm25
Q-129,7,CH07_T03_06,DOC_CH07,15.125408350596967,2.5639000000000634,bm25
Q-129,8,CH01_T06_06,DOC_CH01,15.036017769774308,2.5639000000000634,bm25
Q-129,9,CH15_T03_06,DOC_CH15,14.521391538215363,2.5639000000000634,bm25
Q-129,10,CH06_T03_08,DOC_CH06,14.184705209271042,2.5639000000000634,bm25
Q-130,1,CH06_T04_06,DOC_CH06,19.8651608757505,2.611799999999942,bm25
Q-130,2,CH06_T05_06,DOC_CH06,17.427653093414374,2.611799999999942,bm25
Q-130,3,CH06_T04_05,DOC_CH06,16.614523783671487,2.611799999999942,bm25
Q-130,4,CH10_T03_06,DOC_CH10,15.57349938791674,2.611799999999942,bm25
Q-130,5,CH16_T05_06,DOC_CH16,15.559080932259805,2.611799999999942,bm25
Q-130,6,CH07_T05_06,DOC_CH07,15.22490315168021,2.611799999999942,bm25
Q-130,7,CH08_T06_06,DOC_CH08,14.87449466948616,2.611799999999942,bm25
Q-130,8,CH15_T05_06,DOC_CH15,14.485589575241411,2.611799999999942,bm25
Q-130,9,CH07_T01_06,DOC_CH07,14.441252199750064,2.611799999999942,bm25
Q-130,10,CH06_T04_04,DOC_CH06,14.199976498038355,2.611799999999942,bm25
Q-131,1,CH06_T05_06,DOC_CH06,23.55600510279194,2.635000000000054,bm25
Q-131,2,CH06_T05_05,DOC_CH06,19.772564788171056,2.635000000000054,bm25
Q-131,3,CH06_T05_04,DOC_CH06,16.828838357777734,2.635000000000054,bm25
Q-131,4,CH06_T01_06,DOC_CH06,16.764002865772845,2.635000000000054,bm25
Q-131,5,CH06_T05_07,DOC_CH06,15.882976767110804,2.635000000000054,bm25
Q-131,6,CH06_T06_06,DOC_CH06,15.607645424246419,2.635000000000054,bm25
Q-131,7,CH10_T03_06,DOC_CH10,15.57349938791674,2.635000000000054,bm25
Q-131,8,CH06_T05_08,DOC_CH06,15.562528928999477,2.635000000000054,bm25
Q-131,9,CH16_T05_06,DOC_CH16,15.559080932259805,2.635000000000054,bm25
Q-131,10,CH07_T05_06,DOC_CH07,15.22490315168021,2.635000000000054,bm25
Q-132,1,CH06_T06_06,DOC_CH06,19.426046898449943,2.9968000000000217,bm25
Q-132,2,CH06_T01_06,DOC_CH06,17.585662596394773,2.9968000000000217,bm25
Q-132,3,CH09_T06_06,DOC_CH09,17.42481669020102,2.9968000000000217,bm25
Q-132,4,CH08_T03_06,DOC_CH08,17.27917551043615,2.9968000000000217,bm25
Q-132,5,CH10_T03_06,DOC_CH10,16.757873971586825,2.9968000000000217,bm25
Q-132,6,CH08_T01_06,DOC_CH08,16.57695274092719,2.9968000000000217,bm25
Q-132,7,CH09_T01_06,DOC_CH09,16.31553994072413,2.9968000000000217,bm25
Q-132,8,CH06_T03_06,DOC_CH06,16.286484859369033,2.9968000000000217,bm25
Q-132,9,CH06_T05_06,DOC_CH06,16.060986978200674,2.9968000000000217,bm25
Q-132,10,CH09_T02_06,DOC_CH09,15.97062710116631,2.9968000000000217,bm25
Q-133,1,CH07_T01_06,DOC_CH07,28.255357818880494,2.929199999999965,bm25
Q-133,2,CH07_T01_05,DOC_CH07,24.82225343703728,2.929199999999965,bm25
Q-133,3,CH07_T02_06,DOC_CH07,22.84362123177577,2.929199999999965,bm25
Q-133,4,CH07_T01_04,DOC_CH07,21.696823401942332,2.929199999999965,bm25
Q-133,5,CH07_T01_08,DOC_CH07,21.322650241459804,2.929199999999965,bm25
Q-133,6,CH07_T01_07,DOC_CH07,21.27981732962765,2.929199999999965,bm25
Q-133,7,CH07_T01_03,DOC_CH07,20.462288008650233,2.929199999999965,bm25
Q-133,8,CH07_T06_06,DOC_CH07,20.210500071240507,2.929199999999965,bm25
Q-133,9,CH07_T01_09,DOC_CH07,19.69771203522309,2.929199999999965,bm25
Q-133,10,CH07_T01_10,DOC_CH07,19.152155961546022,2.929199999999965,bm25
Q-134,1,CH07_T02_06,DOC_CH07,33.37290945090437,2.6888000000000467,bm25
Q-134,2,CH07_T02_05,DOC_CH07,29.55143242485483,2.6888000000000467,bm25
Q-134,3,CH07_T02_04,DOC_CH07,27.212176059597216,2.6888000000000467,bm25
Q-134,4,CH07_T02_08,DOC_CH07,25.913698336997047,2.6888000000000467,bm25
Q-134,5,CH07_T02_07,DOC_CH07,25.896811895761825,2.6888000000000467,bm25
Q-134,6,CH07_T06_06,DOC_CH07,25.544221013576873,2.6888000000000467,bm25
Q-134,7,CH07_T02_03,DOC_CH07,24.865443108697626,2.6888000000000467,bm25
Q-134,8,CH07_T02_09,DOC_CH07,24.417273007514247,2.6888000000000467,bm25
Q-134,9,CH07_T02_01,DOC_CH07,24.229198820279297,2.6888000000000467,bm25
Q-134,10,CH07_T02_10,DOC_CH07,23.876679851639803,2.6888000000000467,bm25
Q-135,1,CH07_T03_06,DOC_CH07,26.387833260455547,2.877200000000024,bm25
Q-135,2,CH07_T03_05,DOC_CH07,21.580959937750652,2.877200000000024,bm25
Q-135,3,CH07_T03_04,DOC_CH07,20.25520251814782,2.877200000000024,bm25
Q-135,4,CH07_T03_08,DOC_CH07,18.846992267320257,2.877200000000024,bm25
Q-135,5,CH07_T03_07,DOC_CH07,18.728194789644387,2.877200000000024,bm25
Q-135,6,CH07_T03_03,DOC_CH07,17.86634184095621,2.877200000000024,bm25
Q-135,7,CH07_T03_09,DOC_CH07,17.51908554713195,2.877200000000024,bm25
Q-135,8,CH07_T03_10,DOC_CH07,16.93724192070439,2.877200000000024,bm25
Q-135,9,CH07_T03_01,DOC_CH07,16.77170163261516,2.877200000000024,bm25
Q-135,10,CH16_T05_06,DOC_CH16,16.680082208181556,2.877200000000024,bm25
Q-136,1,CH07_T04_06,DOC_CH07,29.33784896345085,2.8281999999999474,bm25
Q-136,2,CH07_T04_05,DOC_CH07,25.500618681066253,2.8281999999999474,bm25
Q-136,3,CH07_T04_04,DOC_CH07,23.14293483551466,2.8281999999999474,bm25
Q-136,4,CH07_T04_07,DOC_CH07,21.925879014363375,2.8281999999999474,bm25
Q-136,5,CH07_T04_08,DOC_CH07,21.569468874658867,2.8281999999999474,bm25
Q-136,6,CH07_T04_03,DOC_CH07,20.77497803059593,2.8281999999999474,bm25
Q-136,7,CH07_T04_09,DOC_CH07,20.404039307940263,2.8281999999999474,bm25
Q-136,8,CH07_T04_10,DOC_CH07,19.84979755052058,2.8281999999999474,bm25
Q-136,9,CH07_T04_02,DOC_CH07,18.98335517052005,2.8281999999999474,bm25
Q-136,10,CH07_T04_01,DOC_CH07,18.700262303213375,2.8281999999999474,bm25
Q-137,1,CH07_T05_06,DOC_CH07,27.687075216188727,2.8898000000000534,bm25
Q-137,2,CH07_T05_05,DOC_CH07,21.25559894831725,2.8898000000000534,bm25
Q-137,3,CH07_T05_04,DOC_CH07,21.15602869596938,2.8898000000000534,bm25
Q-137,4,CH07_T05_08,DOC_CH07,19.612986360762967,2.8898000000000534,bm25
Q-137,5,CH07_T05_07,DOC_CH07,19.609302853952293,2.8898000000000534,bm25
Q-137,6,CH07_T05_03,DOC_CH07,18.976887710973834,2.8898000000000534,bm25
Q-137,7,CH07_T06_06,DOC_CH07,18.674328233314558,2.8898000000000534,bm25
Q-137,8,CH07_T05_09,DOC_CH07,18.381021098534966,2.8898000000000534,bm25
Q-137,9,CH16_T05_06,DOC_CH16,18.36375091922802,2.8898000000000534,bm25
Q-137,10,CH10_T03_06,DOC_CH10,18.324825451068204,2.8898000000000534,bm25
Q-138,1,CH07_T06_06,DOC_CH07,34.0812588087259,2.9156999999999655,bm25
Q-138,2,CH07_T06_05,DOC_CH07,29.95389211246936,2.9156999999999655,bm25
Q-138,3,CH07_T06_04,DOC_CH07,28.674084177388153,2.9156999999999655,bm25
Q-138,4,CH07_T06_08,DOC_CH07,27.307079666692513,2.9156999999999655,bm25
Q-138,5,CH07_T06_07,DOC_CH07,26.646577419845528,2.9156999999999655,bm25
Q-138,6,CH07_T06_09,DOC_CH07,26.040514085236907,2.9156999999999655,bm25
Q-138,7,CH07_T06_03,DOC_CH07,25.87932005126717,2.9156999999999655,bm25
Q-138,8,CH07_T06_01,DOC_CH07,25.74985187531411,2.9156999999999655,bm25
Q-138,9,CH07_T06_10,DOC_CH07,25.56028149073561,2.9156999999999655,bm25
Q-138,10,CH07_T06_02,DOC_CH07,24.812767053187244,2.9156999999999655,bm25
Q-139,1,CH08_T01_06,DOC_CH08,24.922757793522763,3.0754000000000614,bm25
Q-139,2,CH08_T01_05,DOC_CH08,22.26767151963329,3.0754000000000614,bm25
Q-139,3,CH09_T05_06,DOC_CH09,21.11687282326455,3.0754000000000614,bm25
Q-139,4,CH08_T01_04,DOC_CH08,19.964510346285977,3.0754000000000614,bm25
Q-139,5,CH08_T01_07,DOC_CH08,18.746290450265374,3.0754000000000614,bm25
Q-139,6,CH08_T01_08,DOC_CH08,18.536858960360398,3.0754000000000614,bm25
Q-139,7,CH09_T06_06,DOC_CH09,18.236976518424516,3.0754000000000614,bm25
Q-139,8,CH08_T03_06,DOC_CH08,18.142064612933332,3.0754000000000614,bm25
Q-139,9,CH07_T05_06,DOC_CH07,17.91233220500368,3.0754000000000614,bm25
Q-139,10,CH08_T01_03,DOC_CH08,17.59714700322435,3.0754000000000614,bm25
Q-140,1,CH08_T02_06,DOC_CH08,20.64255304934078,3.093699999999977,bm25
Q-140,2,CH08_T05_06,DOC_CH08,18.57780537036546,3.093699999999977,bm25
Q-140,3,CH09_T06_06,DOC_CH09,17.42481669020102,3.093699999999977,bm25
Q-140,4,CH08_T03_06,DOC_CH08,17.27917551043615,3.093699999999977,bm25
Q-140,5,CH08_T02_05,DOC_CH08,16.893091187329347,3.093699999999977,bm25
Q-140,6,CH10_T03_06,DOC_CH10,16.757873971586825,3.093699999999977,bm25
Q-140,7,CH08_T01_06,DOC_CH08,16.57695274092719,3.093699999999977,bm25
Q-140,8,CH09_T01_06,DOC_CH09,16.31553994072413,3.093699999999977,bm25
Q-140,9,CH05_T03_06,DOC_CH05,16.29670555394384,3.093699999999977,bm25
Q-140,10,CH09_T02_06,DOC_CH09,15.97062710116631,3.093699999999977,bm25
Q-141,1,CH08_T03_06,DOC_CH08,25.065572873662077,2.8245000000000076,bm25
Q-141,2,CH08_T03_05,DOC_CH08,21.861546399529594,2.8245000000000076,bm25
Q-141,3,CH10_T04_06,DOC_CH10,21.249660631472356,2.8245000000000076,bm25
Q-141,4,CH09_T02_06,DOC_CH09,21.045163101271303,2.8245000000000076,bm25
Q-141,5,CH09_T03_06,DOC_CH09,19.585542826861275,2.8245000000000076,bm25
Q-141,6,CH14_T04_06,DOC_CH14,18.68514828277934,2.8245000000000076,bm25
Q-141,7,CH09_T02_05,DOC_CH09,18.45405708861619,2.8245000000000076,bm25
Q-141,8,CH10_T04_05,DOC_CH10,18.08690211173027,2.8245000000000076,bm25
Q-141,9,CH08_T03_07,DOC_CH08,18.01192065783123,2.8245000000000076,bm25
Q-141,10,CH08_T03_04,DOC_CH08,17.875246279074386,2.8245000000000076,bm25
Q-142,1,CH08_T04_06,DOC_CH08,28.799846284480495,2.7791000000000343,bm25
Q-142,2,CH08_T04_05,DOC_CH08,26.752780598463083,2.7791000000000343,bm25
Q-142,3,CH08_T04_04,DOC_CH08,23.69902909596183,2.7791000000000343,bm25
Q-142,4,CH08_T04_07,DOC_CH08,23.066671879963778,2.7791000000000343,bm25
Q-142,5,CH08_T04_08,DOC_CH08,23.021565977876467,2.7791000000000343,bm25
Q-142,6,CH08_T04_03,DOC_CH08,22.08397278765478,2.7791000000000343,bm25
Q-142,7,CH08_T04_09,DOC_CH08,21.674862810567372,2.7791000000000343,bm25
Q-142,8,CH08_T04_10,DOC_CH08,21.178312952917878,2.7791000000000343,bm25
Q-142,9,CH08_T04_02,DOC_CH08,20.414055899589965,2.7791000000000343,bm25
Q-142,10,CH08_T04_01,DOC_CH08,19.66923361461616,2.7791000000000343,bm25
Q-143,1,CH08_T05_06,DOC_CH08,26.415393455165425,2.7452999999999506,bm25
Q-143,2,CH08_T05_05,DOC_CH08,23.18858450258418,2.7452999999999506,bm25
Q-143,3,CH08_T05_04,DOC_CH08,20.137550887033004,2.7452999999999506,bm25
Q-143,4,CH08_T05_07,DOC_CH08,19.436631826291705,2.7452999999999506,bm25
Q-143,5,CH08_T05_08,DOC_CH08,19.252874240150938,2.7452999999999506,bm25
Q-143,6,CH08_T05_03,DOC_CH08,18.50415868483388,2.7452999999999506,bm25
Q-143,7,CH08_T05_09,DOC_CH08,18.149444799939307,2.7452999999999506,bm25
Q-143,8,CH08_T05_10,DOC_CH08,17.586740655408068,2.7452999999999506,bm25
Q-143,9,CH09_T06_06,DOC_CH09,17.42481669020102,2.7452999999999506,bm25
Q-143,10,CH08_T03_06,DOC_CH08,17.27917551043615,2.7452999999999506,bm25
Q-144,1,CH08_T06_06,DOC_CH08,27.30854948944329,3.4204999999999375,bm25
Q-144,2,CH08_T06_05,DOC_CH08,23.441729509261815,3.4204999999999375,bm25
Q-144,3,CH08_T03_06,DOC_CH08,22.671317924257718,3.4204999999999375,bm25
Q-144,4,CH09_T06_06,DOC_CH09,21.25315243031963,3.4204999999999375,bm25
Q-144,5,CH08_T04_06,DOC_CH08,21.24396660563869,3.4204999999999375,bm25
Q-144,6,CH08_T04_05,DOC_CH08,20.2302750418452,3.4204999999999375,bm25
Q-144,7,CH08_T06_04,DOC_CH08,20.054538251650047,3.4204999999999375,bm25
Q-144,8,CH10_T03_06,DOC_CH10,19.943553255974763,3.4204999999999375,bm25
Q-144,9,CH06_T04_06,DOC_CH06,19.91756249513428,3.4204999999999375,bm25
Q-144,10,CH08_T01_06,DOC_CH08,19.781583473903257,3.4204999999999375,bm25
Q-145,1,CH09_T01_06,DOC_CH09,22.704674608576962,3.0485000000000095,bm25
Q-145,2,CH09_T02_06,DOC_CH09,19.629986291836556,3.0485000000000095,bm25
Q-145,3,CH09_T01_05,DOC_CH09,19.41085910524716,3.0485000000000095,bm25
Q-145,4,CH09_T06_06,DOC_CH09,18.593706685847014,3.0485000000000095,bm25
Q-145,5,CH08_T03_06,DOC_CH08,18.521076924677665,3.0485000000000095,bm25
Q-145,6,CH16_T05_06,DOC_CH16,17.573195065439297,3.0485000000000095,bm25
Q-145,7,CH12_T05_06,DOC_CH12,17.195929879194725,3.0485000000000095,bm25
Q-145,8,CH09_T02_05,DOC_CH09,17.056341156319693,3.0485000000000095,bm25
Q-145,9,CH10_T03_06,DOC_CH10,16.757873971586825,3.0485000000000095,bm25
Q-145,10,CH10_T04_06,DOC_CH10,16.61311839046565,3.0485000000000095,bm25
Q-146,1,CH09_T02_06,DOC_CH09,26.567741514101257,3.359800000000024,bm25
Q-146,2,CH10_T04_06,DOC_CH10,26.273181371433555,3.359800000000024,bm25
Q-146,3,CH09_T02_05,DOC_CH09,23.94613508876458,3.359800000000024,bm25
Q-146,4,CH10_T04_05,DOC_CH10,23.089864856131687,3.359800000000024,bm25
Q-146,5,CH09_T02_07,DOC_CH09,20.13667581692361,3.359800000000024,bm25
Q-146,6,CH10_T04_04,DOC_CH10,20.086756118773977,3.359800000000024,bm25
Q-146,7,CH09_T02_04,DOC_CH09,19.983243822678993,3.359800000000024,bm25
Q-146,8,CH09_T02_08,DOC_CH09,19.94279760492993,3.359800000000024,bm25
Q-146,9,CH10_T04_07,DOC_CH10,19.654238260368544,3.359800000000024,bm25
Q-146,10,CH10_T04_08,DOC_CH10,19.149201917842777,3.359800000000024,bm25
Q-147,1,CH09_T03_06,DOC_CH09,24.274307589437516,2.9333000000000276,bm25
Q-147,2,CH09_T03_05,DOC_CH09,21.282325311123014,2.9333000000000276,bm25
Q-147,3,CH09_T03_04,DOC_CH09,17.827410431356476,2.9333000000000276,bm25
Q-147,4,CH09_T03_07,DOC_CH09,17.506634449577376,2.9333000000000276,bm25
Q-147,5,CH09_T03_08,DOC_CH09,17.358843057415974,2.9333000000000276,bm25
Q-147,6,CH10_T03_06,DOC_CH10,17.039620762983777,2.9333000000000276,bm25
Q-147,7,CH10_T05_06,DOC_CH10,16.878835653907636,2.9333000000000276,bm25
Q-147,8,CH09_T03_03,DOC_CH09,16.461440636112123,2.9333000000000276,bm25
Q-147,9,CH16_T05_06,DOC_CH16,16.44755272414376,2.9333000000000276,bm25
Q-147,10,CH07_T05_06,DOC_CH07,16.129818291874564,2.9333000000000276,bm25
Q-148,1,CH09_T04_06,DOC_CH09,20.915475636199957,4.104499999999955,bm25
Q-148,2,CH09_T06_06,DOC_CH09,18.669895623264356,4.104499999999955,bm25
Q-148,3,CH10_T03_06,DOC_CH10,18.22399534665386,4.104499999999955,bm25
Q-148,4,CH08_T03_06,DOC_CH08,18.195395245304123,4.104499999999955,bm25
Q-148,5,CH08_T01_06,DOC_CH08,17.44956810849837,4.104499999999955,bm25
Q-148,6,CH10_T05_06,DOC_CH10,17.425199880535885,4.104499999999955,bm25
Q-148,7,CH09_T01_06,DOC_CH09,17.2317596755921,4.104499999999955,bm25
Q-148,8,CH09_T04_05,DOC_CH09,16.989613426259787,4.104499999999955,bm25
Q-148,9,CH09_T02_06,DOC_CH09,16.88684683603428,4.104499999999955,bm25
Q-148,10,CH08_T04_06,DOC_CH08,16.85561695370895,4.104499999999955,bm25
Q-149,1,CH09_T05_06,DOC_CH09,19.206202716417742,2.87230000000005,bm25
Q-149,2,CH09_T06_06,DOC_CH09,18.669895623264356,2.87230000000005,bm25
Q-149,3,CH08_T06_06,DOC_CH08,18.58333241393111,2.87230000000005,bm25
Q-149,4,CH10_T03_06,DOC_CH10,18.22399534665386,2.87230000000005,bm25
Q-149,5,CH08_T03_06,DOC_CH08,18.195395245304123,2.87230000000005,bm25
Q-149,6,CH08_T01_06,DOC_CH08,17.44956810849837,2.87230000000005,bm25
Q-149,7,CH09_T01_06,DOC_CH09,17.2317596755921,2.87230000000005,bm25
Q-149,8,CH09_T02_06,DOC_CH09,16.88684683603428,2.87230000000005,bm25
Q-149,9,CH08_T04_06,DOC_CH08,16.85561695370895,2.87230000000005,bm25
Q-149,10,CH09_T04_06,DOC_CH09,16.758426261077965,2.87230000000005,bm25
Q-150,1,CH09_T06_06,DOC_CH09,23.59047862443071,2.682999999999991,bm25
Q-150,2,CH09_T06_05,DOC_CH09,19.758768084651788,2.682999999999991,bm25
Q-150,3,CH07_T03_06,DOC_CH07,17.560109049399806,2.682999999999991,bm25
Q-150,4,CH09_T06_04,DOC_CH09,17.3355874045555,2.682999999999991,bm25
Q-150,5,CH08_T03_06,DOC_CH08,17.27917551043615,2.682999999999991,bm25
Q-150,6,CH09_T06_07,DOC_CH09,17.077188122197942,2.682999999999991,bm25
Q-150,7,CH10_T03_06,DOC_CH10,16.757873971586825,2.682999999999991,bm25
Q-150,8,CH09_T06_08,DOC_CH09,16.672958402956038,2.682999999999991,bm25
Q-150,9,CH08_T01_06,DOC_CH08,16.57695274092719,2.682999999999991,bm25
Q-150,10,CH09_T06_01,DOC_CH09,16.415564263834266,2.682999999999991,bm25
