question_id,rank,chunk_id,doc_id,score,latency_ms,retriever
Q-001,1,CH01_T01_02,DOC_CH01,0.7551061511039734,76.62049999998999,dense
Q-001,2,CH01_T01_08,DOC_CH01,0.7419366240501404,76.62049999998999,dense
Q-001,3,CH01_T01_01,DOC_CH01,0.7299568057060242,76.62049999998999,dense
Q-001,4,CH01_T01_10,DOC_CH01,0.7221229672431946,76.62049999998999,dense
Q-001,5,CH01_T01_04,DOC_CH01,0.7042004466056824,76.62049999998999,dense
Q-001,6,CH01_T01_07,DOC_CH01,0.6991274356842041,76.62049999998999,dense
Q-001,7,CH01_T01_05,DOC_CH01,0.6931940913200378,76.62049999998999,dense
Q-001,8,CH01_T01_09,DOC_CH01,0.6884165406227112,76.62049999998999,dense
Q-001,9,CH01_T01_03,DOC_CH01,0.6869094967842102,76.62049999998999,dense
Q-001,10,CH01_T01_06,DOC_CH01,0.6837417483329773,76.62049999998999,dense
Q-002,1,CH01_T02_02,DOC_CH01,0.7856773734092712,68.7778999999864,dense
Q-002,2,CH01_T02_01,DOC_CH01,0.7667853236198425,68.7778999999864,dense
Q-002,3,CH01_T02_08,DOC_CH01,0.7577864527702332,68.7778999999864,dense
Q-002,4,CH01_T02_10,DOC_CH01,0.75034099817276,68.7778999999864,dense
Q-002,5,CH01_T02_04,DOC_CH01,0.7475964426994324,68.7778999999864,dense
Q-002,6,CH01_T02_09,DOC_CH01,0.7339782118797302,68.7778999999864,dense
Q-002,7,CH01_T02_03,DOC_CH01,0.7315128445625305,68.7778999999864,dense
Q-002,8,CH01_T02_06,DOC_CH01,0.7303271293640137,68.7778999999864,dense
Q-002,9,CH01_T02_05,DOC_CH01,0.7285066246986389,68.7778999999864,dense
Q-002,10,CH01_T02_07,DOC_CH01,0.7210879921913147,68.7778999999864,dense
Q-003,1,CH01_T03_02,DOC_CH01,0.7749155759811401,69.61539999997512,dense
Q-003,2,CH01_T03_10,DOC_CH01,0.7548238635063171,69.61539999997512,dense
Q-003,3,CH01_T03_08,DOC_CH01,0.7518903017044067,69.61539999997512,dense
Q-003,4,CH01_T03_01,DOC_CH01,0.7491452097892761,69.61539999997512,dense
Q-003,5,CH01_T03_04,DOC_CH01,0.7429052591323853,69.61539999997512,dense
Q-003,6,CH01_T03_03,DOC_CH01,0.7254058718681335,69.61539999997512,dense
Q-003,7,CH01_T03_05,DOC_CH01,0.7229780554771423,69.61539999997512,dense
Q-003,8,CH01_T03_09,DOC_CH01,0.7225612998008728,69.61539999997512,dense
Q-003,9,CH01_T03_06,DOC_CH01,0.7219629883766174,69.61539999997512,dense
Q-003,10,CH01_T03_07,DOC_CH01,0.7161829471588135,69.61539999997512,dense
Q-004,1,CH01_T04_02,DOC_CH01,0.7577090263366699,69.61370000004763,dense
Q-004,2,CH01_T04_01,DOC_CH01,0.7274991273880005,69.61370000004763,dense
Q-004,3,CH01_T04_10,DOC_CH01,0.7235438227653503,69.61370000004763,dense
Q-004,4,CH01_T04_08,DOC_CH01,0.7153322100639343,69.61370000004763,dense
Q-004,5,CH01_T04_04,DOC_CH01,0.7040920257568359,69.61370000004763,dense
Q-004,6,CH01_T04_07,DOC_CH01,0.696250855922699,69.61370000004763,dense
Q-004,7,CH01_T04_09,DOC_CH01,0.6917561292648315,69.61370000004763,dense
Q-004,8,CH01_T04_06,DOC_CH01,0.6877065300941467,69.61370000004763,dense
Q-004,9,CH01_T04_03,DOC_CH01,0.687049150466919,69.61370000004763,dense
Q-004,10,CH01_T04_05,DOC_CH01,0.6842262744903564,69.61370000004763,dense
Q-005,1,CH01_T05_02,DOC_CH01,0.7244802713394165,68.98989999996274,dense
Q-005,2,CH01_T05_08,DOC_CH01,0.6808756589889526,68.98989999996274,dense
Q-005,3,CH01_T05_01,DOC_CH01,0.6601653099060059,68.98989999996274,dense
Q-005,4,CH01_T05_10,DOC_CH01,0.6525975465774536,68.98989999996274,dense
Q-005,5,CH01_T05_03,DOC_CH01,0.6439114212989807,68.98989999996274,dense
Q-005,6,CH01_T05_04,DOC_CH01,0.634133517742157,68.98989999996274,dense
Q-005,7,CH01_T05_06,DOC_CH01,0.6322182416915894,68.98989999996274,dense
Q-005,8,CH01_T05_09,DOC_CH01,0.6220505237579346,68.98989999996274,dense
Q-005,9,CH01_T05_05,DOC_CH01,0.619631826877594,68.98989999996274,dense
Q-005,10,CH01_T05_07,DOC_CH01,0.6132494211196899,68.98989999996274,dense
Q-006,1,CH01_T06_02,DOC_CH01,0.8247004151344299,69.25259999997024,dense
Q-006,2,CH01_T06_08,DOC_CH01,0.7995051741600037,69.25259999997024,dense
Q-006,3,CH01_T06_01,DOC_CH01,0.798746645450592,69.25259999997024,dense
Q-006,4,CH01_T06_10,DOC_CH01,0.7847737073898315,69.25259999997024,dense
Q-006,5,CH01_T06_04,DOC_CH01,0.7688307762145996,69.25259999997024,dense
Q-006,6,CH01_T06_09,DOC_CH01,0.7584382891654968,69.25259999997024,dense
Q-006,7,CH01_T06_03,DOC_CH01,0.7564654350280762,69.25259999997024,dense
Q-006,8,CH01_T06_05,DOC_CH01,0.7417594194412231,69.25259999997024,dense
Q-006,9,CH01_T06_07,DOC_CH01,0.7346590161323547,69.25259999997024,dense
Q-006,10,CH01_T06_06,DOC_CH01,0.7304637432098389,69.25259999997024,dense
Q-007,1,CH02_T01_02,DOC_CH02,0.7183665037155151,71.01390000002539,dense
Q-007,2,CH02_T01_08,DOC_CH02,0.7057943940162659,71.01390000002539,dense
Q-007,3,CH02_T01_01,DOC_CH02,0.685856819152832,71.01390000002539,dense
Q-007,4,CH02_T01_10,DOC_CH02,0.6803886890411377,71.01390000002539,dense
Q-007,5,CH02_T01_04,DOC_CH02,0.6363595128059387,71.01390000002539,dense
Q-007,6,CH02_T01_06,DOC_CH02,0.6305268406867981,71.01390000002539,dense
Q-007,7,CH02_T02_02,DOC_CH02,0.621114194393158,71.01390000002539,dense
Q-007,8,CH02_T01_05,DOC_CH02,0.6186314225196838,71.01390000002539,dense
Q-007,9,CH02_T01_03,DOC_CH02,0.6147366166114807,71.01390000002539,dense
Q-007,10,CH02_T01_09,DOC_CH02,0.6095526814460754,71.01390000002539,dense
Q-008,1,CH02_T02_08,DOC_CH02,0.7135503888130188,70.36060000001498,dense
Q-008,2,CH02_T02_02,DOC_CH02,0.7082058191299438,70.36060000001498,dense
Q-008,3,CH02_T02_10,DOC_CH02,0.701808512210846,70.36060000001498,dense
Q-008,4,CH02_T02_01,DOC_CH02,0.6979637145996094,70.36060000001498,dense
Q-008,5,CH02_T02_06,DOC_CH02,0.6528573036193848,70.36060000001498,dense
Q-008,6,CH02_T02_04,DOC_CH02,0.6445675492286682,70.36060000001498,dense
Q-008,7,CH02_T02_03,DOC_CH02,0.6386483907699585,70.36060000001498,dense
Q-008,8,CH02_T02_09,DOC_CH02,0.6334202289581299,70.36060000001498,dense
Q-008,9,CH02_T02_07,DOC_CH02,0.6222028732299805,70.36060000001498,dense
Q-008,10,CH02_T01_02,DOC_CH02,0.6191431283950806,70.36060000001498,dense
Q-009,1,CH02_T03_02,DOC_CH02,0.7646376490592957,71.37480000000096,dense
Q-009,2,CH02_T03_01,DOC_CH02,0.7528733611106873,71.37480000000096,dense
Q-009,3,CH02_T03_08,DOC_CH02,0.7435742616653442,71.37480000000096,dense
Q-009,4,CH02_T03_10,DOC_CH02,0.7317060232162476,71.37480000000096,dense
Q-009,5,CH02_T03_04,DOC_CH02,0.7041751742362976,71.37480000000096,dense
Q-009,6,CH02_T03_05,DOC_CH02,0.6936097741127014,71.37480000000096,dense
Q-009,7,CH02_T03_03,DOC_CH02,0.6834775805473328,71.37480000000096,dense
Q-009,8,CH02_T03_06,DOC_CH02,0.6813186407089233,71.37480000000096,dense
Q-009,9,CH02_T03_09,DOC_CH02,0.6698034405708313,71.37480000000096,dense
Q-009,10,CH02_T03_07,DOC_CH02,0.6643805503845215,71.37480000000096,dense
Q-010,1,CH02_T04_02,DOC_CH02,0.7447344064712524,70.96339999998236,dense
Q-010,2,CH02_T04_08,DOC_CH02,0.718559741973877,70.96339999998236,dense
Q-010,3,CH02_T04_01,DOC_CH02,0.7006751894950867,70.96339999998236,dense
Q-010,4,CH02_T04_10,DOC_CH02,0.6920058727264404,70.96339999998236,dense
Q-010,5,CH02_T04_04,DOC_CH02,0.6581475734710693,70.96339999998236,dense
Q-010,6,CH02_T04_03,DOC_CH02,0.639559268951416,70.96339999998236,dense
Q-010,7,CH02_T05_02,DOC_CH02,0.6392916440963745,70.96339999998236,dense
Q-010,8,CH02_T03_08,DOC_CH02,0.6379911303520203,70.96339999998236,dense
Q-010,9,CH02_T04_06,DOC_CH02,0.6372030973434448,70.96339999998236,dense
Q-010,10,CH02_T04_09,DOC_CH02,0.636245846748352,70.96339999998236,dense
Q-011,1,CH02_T05_02,DOC_CH02,0.7561812996864319,69.99189999999089,dense
Q-011,2,CH02_T05_01,DOC_CH02,0.7312477231025696,69.99189999999089,dense
Q-011,3,CH02_T05_08,DOC_CH02,0.723894476890564,69.99189999999089,dense
Q-011,4,CH02_T05_10,DOC_CH02,0.7189674377441406,69.99189999999089,dense
Q-011,5,CH02_T05_04,DOC_CH02,0.6959078907966614,69.99189999999089,dense
Q-011,6,CH02_T05_03,DOC_CH02,0.6936931014060974,69.99189999999089,dense
Q-011,7,CH02_T05_09,DOC_CH02,0.6879261136054993,69.99189999999089,dense
Q-011,8,CH02_T05_07,DOC_CH02,0.6787033081054688,69.99189999999089,dense
Q-011,9,CH02_T05_05,DOC_CH02,0.6750478148460388,69.99189999999089,dense
Q-011,10,CH02_T05_06,DOC_CH02,0.6649396419525146,69.99189999999089,dense
Q-012,1,CH02_T06_02,DOC_CH02,0.7342177033424377,70.35770000004504,dense
Q-012,2,CH02_T06_08,DOC_CH02,0.7195689678192139,70.35770000004504,dense
Q-012,3,CH02_T06_01,DOC_CH02,0.7153281569480896,70.35770000004504,dense
Q-012,4,CH02_T06_10,DOC_CH02,0.6834233403205872,70.35770000004504,dense
Q-012,5,CH02_T06_04,DOC_CH02,0.6818012595176697,70.35770000004504,dense
Q-012,6,CH02_T06_09,DOC_CH02,0.6605852246284485,70.35770000004504,dense
Q-012,7,CH02_T06_03,DOC_CH02,0.6498236656188965,70.35770000004504,dense
Q-012,8,CH02_T06_07,DOC_CH02,0.6492834687232971,70.35770000004504,dense
Q-012,9,CH02_T06_05,DOC_CH02,0.6488484740257263,70.35770000004504,dense
Q-012,10,CH02_T06_06,DOC_CH02,0.6426778435707092,70.35770000004504,dense
Q-013,1,CH03_T01_08,DOC_CH03,0.7343111038208008,70.28540000004568,dense
Q-013,2,CH03_T01_01,DOC_CH03,0.7250444293022156,70.28540000004568,dense
Q-013,3,CH03_T01_02,DOC_CH03,0.7210431694984436,70.28540000004568,dense
Q-013,4,CH03_T01_10,DOC_CH03,0.7073049545288086,70.28540000004568,dense
Q-013,5,CH03_T01_05,DOC_CH03,0.6911327242851257,70.28540000004568,dense
Q-013,6,CH03_T01_04,DOC_CH03,0.6887711882591248,70.28540000004568,dense
Q-013,7,CH03_T01_06,DOC_CH03,0.6850624084472656,70.28540000004568,dense
Q-013,8,CH03_T01_03,DOC_CH03,0.6739206314086914,70.28540000004568,dense
Q-013,9,CH03_T01_09,DOC_CH03,0.6680433750152588,70.28540000004568,dense
Q-013,10,CH03_T01_07,DOC_CH03,0.6674668192863464,70.28540000004568,dense
Q-014,1,CH03_T02_08,DOC_CH03,0.7536032199859619,69.87010000000282,dense
Q-014,2,CH03_T02_02,DOC_CH03,0.7445347309112549,69.87010000000282,dense
Q-014,3,CH03_T02_01,DOC_CH03,0.7315170764923096,69.87010000000282,dense
Q-014,4,CH03_T02_10,DOC_CH03,0.7028770446777344,69.87010000000282,dense
Q-014,5,CH03_T02_04,DOC_CH03,0.6885331273078918,69.87010000000282,dense
Q-014,6,CH03_T02_06,DOC_CH03,0.6828864812850952,69.87010000000282,dense
Q-014,7,CH03_T02_05,DOC_CH03,0.674368679523468,69.87010000000282,dense
Q-014,8,CH03_T02_09,DOC_CH03,0.6717041730880737,69.87010000000282,dense
Q-014,9,CH03_T02_07,DOC_CH03,0.6695723533630371,69.87010000000282,dense
Q-014,10,CH03_T06_02,DOC_CH03,0.6551209092140198,69.87010000000282,dense
Q-015,1,CH03_T03_02,DOC_CH03,0.7609113454818726,73.53340000003072,dense
Q-015,2,CH03_T03_08,DOC_CH03,0.7484488487243652,73.53340000003072,dense
Q-015,3,CH03_T03_01,DOC_CH03,0.7471832633018494,73.53340000003072,dense
Q-015,4,CH03_T03_10,DOC_CH03,0.6967295408248901,73.53340000003072,dense
Q-015,5,CH03_T03_04,DOC_CH03,0.6963095664978027,73.53340000003072,dense
Q-015,6,CH03_T03_07,DOC_CH03,0.6873092651367188,73.53340000003072,dense
Q-015,7,CH03_T03_09,DOC_CH03,0.6841923594474792,73.53340000003072,dense
Q-015,8,CH03_T03_06,DOC_CH03,0.6810942888259888,73.53340000003072,dense
Q-015,9,CH03_T03_03,DOC_CH03,0.678089439868927,73.53340000003072,dense
Q-015,10,CH03_T03_05,DOC_CH03,0.6768513917922974,73.53340000003072,dense
Q-016,1,CH03_T04_02,DOC_CH03,0.7541142702102661,71.2661999999682,dense
Q-016,2,CH03_T04_08,DOC_CH03,0.7396410703659058,71.2661999999682,dense
Q-016,3,CH03_T04_01,DOC_CH03,0.7295787930488586,71.2661999999682,dense
Q-016,4,CH03_T04_10,DOC_CH03,0.7248853445053101,71.2661999999682,dense
Q-016,5,CH03_T04_04,DOC_CH03,0.7034293413162231,71.2661999999682,dense
Q-016,6,CH03_T04_05,DOC_CH03,0.6905153393745422,71.2661999999682,dense
Q-016,7,CH03_T04_07,DOC_CH03,0.6819419264793396,71.2661999999682,dense
Q-016,8,CH03_T04_09,DOC_CH03,0.6796202063560486,71.2661999999682,dense
Q-016,9,CH03_T04_03,DOC_CH03,0.6779420971870422,71.2661999999682,dense
Q-016,10,CH03_T04_06,DOC_CH03,0.6775073409080505,71.2661999999682,dense
Q-017,1,CH03_T05_02,DOC_CH03,0.748539924621582,70.62569999999369,dense
Q-017,2,CH03_T05_08,DOC_CH03,0.7333388328552246,70.62569999999369,dense
Q-017,3,CH03_T05_01,DOC_CH03,0.7244073152542114,70.62569999999369,dense
Q-017,4,CH03_T05_10,DOC_CH03,0.7063671946525574,70.62569999999369,dense
Q-017,5,CH03_T02_02,DOC_CH03,0.6879284381866455,70.62569999999369,dense
Q-017,6,CH03_T05_06,DOC_CH03,0.6735841035842896,70.62569999999369,dense
Q-017,7,CH03_T05_04,DOC_CH03,0.6694524884223938,70.62569999999369,dense
Q-017,8,CH03_T02_08,DOC_CH03,0.668113648891449,70.62569999999369,dense
Q-017,9,CH03_T05_09,DOC_CH03,0.6654386520385742,70.62569999999369,dense
Q-017,10,CH03_T02_01,DOC_CH03,0.658733069896698,70.62569999999369,dense
Q-018,1,CH03_T06_02,DOC_CH03,0.7517671585083008,69.68159999996715,dense
Q-018,2,CH03_T06_08,DOC_CH03,0.718929648399353,69.68159999996715,dense
Q-018,3,CH03_T06_10,DOC_CH03,0.7156917452812195,69.68159999996715,dense
Q-018,4,CH03_T06_01,DOC_CH03,0.7061693668365479,69.68159999996715,dense
Q-018,5,CH03_T06_06,DOC_CH03,0.6745613217353821,69.68159999996715,dense
Q-018,6,CH03_T02_08,DOC_CH03,0.6723596453666687,69.68159999996715,dense
Q-018,7,CH03_T02_02,DOC_CH03,0.660243570804596,69.68159999996715,dense
Q-018,8,CH03_T06_04,DOC_CH03,0.6513080596923828,69.68159999996715,dense
Q-018,9,CH02_T05_02,DOC_CH02,0.6488106846809387,69.68159999996715,dense
Q-018,10,CH03_T06_09,DOC_CH03,0.6460023522377014,69.68159999996715,dense
Q-019,1,CH04_T01_08,DOC_CH04,0.741547167301178,69.11330000002636,dense
Q-019,2,CH04_T01_02,DOC_CH04,0.722814679145813,69.11330000002636,dense
Q-019,3,CH04_T01_01,DOC_CH04,0.6963227391242981,69.11330000002636,dense
Q-019,4,CH04_T01_10,DOC_CH04,0.6756905317306519,69.11330000002636,dense
Q-019,5,CH04_T01_06,DOC_CH04,0.6734958291053772,69.11330000002636,dense
Q-019,6,CH04_T01_05,DOC_CH04,0.670802652835846,69.11330000002636,dense
Q-019,7,CH04_T01_04,DOC_CH04,0.6670994162559509,69.11330000002636,dense
Q-019,8,CH04_T01_07,DOC_CH04,0.6481684446334839,69.11330000002636,dense
Q-019,9,CH04_T01_09,DOC_CH04,0.6470683813095093,69.11330000002636,dense
Q-019,10,CH04_T02_02,DOC_CH04,0.624178946018219,69.11330000002636,dense
Q-020,1,CH04_T02_02,DOC_CH04,0.7325884699821472,68.74590000001035,dense
Q-020,2,CH04_T02_08,DOC_CH04,0.709556519985199,68.74590000001035,dense
Q-020,3,CH05_T01_02,DOC_CH05,0.7027533650398254,68.74590000001035,dense
Q-020,4,CH05_T01_08,DOC_CH05,0.6888800263404846,68.74590000001035,dense
Q-020,5,CH05_T01_01,DOC_CH05,0.6671234369277954,68.74590000001035,dense
Q-020,6,CH05_T02_01,DOC_CH05,0.6532430052757263,68.74590000001035,dense
Q-020,7,CH04_T02_01,DOC_CH04,0.6506507396697998,68.74590000001035,dense
Q-020,8,CH05_T03_08,DOC_CH05,0.6475796699523926,68.74590000001035,dense
Q-020,9,CH05_T03_02,DOC_CH05,0.6437780857086182,68.74590000001035,dense
Q-020,10,CH04_T02_06,DOC_CH04,0.6428993940353394,68.74590000001035,dense
Q-021,1,CH04_T03_02,DOC_CH04,0.771815299987793,71.45660000003318,dense
Q-021,2,CH04_T03_08,DOC_CH04,0.7502994537353516,71.45660000003318,dense
Q-021,3,CH04_T03_01,DOC_CH04,0.7276983261108398,71.45660000003318,dense
Q-021,4,CH04_T05_02,DOC_CH04,0.7028972506523132,71.45660000003318,dense
Q-021,5,CH04_T03_10,DOC_CH04,0.6996069550514221,71.45660000003318,dense
Q-021,6,CH04_T04_02,DOC_CH04,0.6918100714683533,71.45660000003318,dense
Q-021,7,CH04_T03_04,DOC_CH04,0.6808274388313293,71.45660000003318,dense
Q-021,8,CH04_T06_02,DOC_CH04,0.6708782911300659,71.45660000003318,dense
Q-021,9,CH04_T03_09,DOC_CH04,0.6697065234184265,71.45660000003318,dense
Q-021,10,CH04_T03_06,DOC_CH04,0.665677547454834,71.45660000003318,dense
Q-022,1,CH04_T04_02,DOC_CH04,0.7746978402137756,70.42450000000144,dense
Q-022,2,CH04_T04_08,DOC_CH04,0.7425609230995178,70.42450000000144,dense
Q-022,3,CH04_T04_01,DOC_CH04,0.7288070917129517,70.42450000000144,dense
Q-022,4,CH04_T04_10,DOC_CH04,0.6975136995315552,70.42450000000144,dense
Q-022,5,CH04_T05_02,DOC_CH04,0.693020761013031,70.42450000000144,dense
Q-022,6,CH04_T04_04,DOC_CH04,0.6874677538871765,70.42450000000144,dense
Q-022,7,CH04_T04_09,DOC_CH04,0.6821313500404358,70.42450000000144,dense
Q-022,8,CH04_T03_02,DOC_CH04,0.6789134740829468,70.42450000000144,dense
Q-022,9,CH04_T06_02,DOC_CH04,0.6697373986244202,70.42450000000144,dense
Q-022,10,CH04_T04_06,DOC_CH04,0.667413592338562,70.42450000000144,dense
Q-023,1,CH04_T05_02,DOC_CH04,0.75836580991745,69.67709999997851,dense
Q-023,2,CH04_T05_08,DOC_CH04,0.735857367515564,69.67709999997851,dense
Q-023,3,CH04_T03_02,DOC_CH04,0.7131699323654175,69.67709999997851,dense
Q-023,4,CH04_T03_08,DOC_CH04,0.7064404487609863,69.67709999997851,dense
Q-023,5,CH04_T04_02,DOC_CH04,0.7057194113731384,69.67709999997851,dense
Q-023,6,CH04_T04_08,DOC_CH04,0.6889862418174744,69.67709999997851,dense
Q-023,7,CH04_T05_01,DOC_CH04,0.6876880526542664,69.67709999997851,dense
Q-023,8,CH04_T05_10,DOC_CH04,0.6867706179618835,69.67709999997851,dense
Q-023,9,CH04_T03_01,DOC_CH04,0.6824933886528015,69.67709999997851,dense
Q-023,10,CH04_T04_01,DOC_CH04,0.671406626701355,69.67709999997851,dense
Q-024,1,CH04_T06_02,DOC_CH04,0.7606936097145081,69.8495000000321,dense
Q-024,2,CH04_T06_08,DOC_CH04,0.7438685297966003,69.8495000000321,dense
Q-024,3,CH04_T06_01,DOC_CH04,0.7170941829681396,69.8495000000321,dense
Q-024,4,CH04_T04_02,DOC_CH04,0.7068977355957031,69.8495000000321,dense
Q-024,5,CH04_T03_02,DOC_CH04,0.692474901676178,69.8495000000321,dense
Q-024,6,CH04_T05_02,DOC_CH04,0.6918115615844727,69.8495000000321,dense
Q-024,7,CH04_T06_10,DOC_CH04,0.6908884048461914,69.8495000000321,dense
Q-024,8,CH04_T04_08,DOC_CH04,0.6846994161605835,69.8495000000321,dense
Q-024,9,CH04_T03_08,DOC_CH04,0.6774462461471558,69.8495000000321,dense
Q-024,10,CH04_T05_08,DOC_CH04,0.6665449738502502,69.8495000000321,dense
Q-025,1,CH05_T01_02,DOC_CH05,0.7630997896194458,71.36130000003504,dense
Q-025,2,CH05_T01_08,DOC_CH05,0.737123966217041,71.36130000003504,dense
Q-025,3,CH05_T01_01,DOC_CH05,0.7284154891967773,71.36130000003504,dense
Q-025,4,CH05_T02_02,DOC_CH05,0.7274495363235474,71.36130000003504,dense
Q-025,5,CH05_T02_01,DOC_CH05,0.7176505327224731,71.36130000003504,dense
Q-025,6,CH05_T03_02,DOC_CH05,0.7164188623428345,71.36130000003504,dense
Q-025,7,CH05_T03_08,DOC_CH05,0.7071858644485474,71.36130000003504,dense
Q-025,8,CH05_T01_10,DOC_CH05,0.6948168277740479,71.36130000003504,dense
Q-025,9,CH05_T03_01,DOC_CH05,0.6912038922309875,71.36130000003504,dense
Q-025,10,CH05_T02_08,DOC_CH05,0.6900146007537842,71.36130000003504,dense
Q-026,1,CH05_T02_02,DOC_CH05,0.7321947813034058,73.41389999999137,dense
Q-026,2,CH05_T02_08,DOC_CH05,0.7031556963920593,73.41389999999137,dense
Q-026,3,CH05_T03_02,DOC_CH05,0.6804331541061401,73.41389999999137,dense
Q-026,4,CH05_T02_01,DOC_CH05,0.6785700917243958,73.41389999999137,dense
Q-026,5,CH05_T01_02,DOC_CH05,0.6738374829292297,73.41389999999137,dense
Q-026,6,CH05_T03_08,DOC_CH05,0.6731116771697998,73.41389999999137,dense
Q-026,7,CH05_T02_10,DOC_CH05,0.6725949048995972,73.41389999999137,dense
Q-026,8,CH05_T01_08,DOC_CH05,0.6645640134811401,73.41389999999137,dense
Q-026,9,CH05_T01_01,DOC_CH05,0.6644951701164246,73.41389999999137,dense
Q-026,10,CH04_T01_08,DOC_CH04,0.6591183543205261,73.41389999999137,dense
Q-027,1,CH05_T03_08,DOC_CH05,0.7332668304443359,69.44620000001578,dense
Q-027,2,CH05_T03_02,DOC_CH05,0.7302840948104858,69.44620000001578,dense
Q-027,3,CH05_T03_10,DOC_CH05,0.708550751209259,69.44620000001578,dense
Q-027,4,CH05_T03_01,DOC_CH05,0.6859973073005676,69.44620000001578,dense
Q-027,5,CH05_T03_04,DOC_CH05,0.6784268021583557,69.44620000001578,dense
Q-027,6,CH05_T03_05,DOC_CH05,0.6633267998695374,69.44620000001578,dense
Q-027,7,CH05_T03_09,DOC_CH05,0.6633058190345764,69.44620000001578,dense
Q-027,8,CH05_T03_07,DOC_CH05,0.6611243486404419,69.44620000001578,dense
Q-027,9,CH05_T03_06,DOC_CH05,0.6522560119628906,69.44620000001578,dense
Q-027,10,CH05_T02_02,DOC_CH05,0.6521362662315369,69.44620000001578,dense
Q-028,1,CH05_T04_02,DOC_CH05,0.7180780172348022,72.0957999999996,dense
Q-028,2,CH05_T04_08,DOC_CH05,0.6943076848983765,72.0957999999996,dense
Q-028,3,CH05_T04_10,DOC_CH05,0.6590165495872498,72.0957999999996,dense
Q-028,4,CH05_T04_04,DOC_CH05,0.6542760729789734,72.0957999999996,dense
Q-028,5,CH05_T04_09,DOC_CH05,0.6482453346252441,72.0957999999996,dense
Q-028,6,CH05_T04_06,DOC_CH05,0.6398183107376099,72.0957999999996,dense
Q-028,7,CH05_T04_03,DOC_CH05,0.6357250213623047,72.0957999999996,dense
Q-028,8,CH05_T02_02,DOC_CH05,0.6350913643836975,72.0957999999996,dense
Q-028,9,CH05_T04_01,DOC_CH05,0.6298953890800476,72.0957999999996,dense
Q-028,10,CH05_T04_05,DOC_CH05,0.6279446482658386,72.0957999999996,dense
Q-029,1,CH05_T05_02,DOC_CH05,0.7528966069221497,69.75160000001779,dense
Q-029,2,CH05_T05_08,DOC_CH05,0.7323377728462219,69.75160000001779,dense
Q-029,3,CH05_T05_10,DOC_CH05,0.6847078204154968,69.75160000001779,dense
Q-029,4,CH05_T05_04,DOC_CH05,0.6744202971458435,69.75160000001779,dense
Q-029,5,CH05_T05_01,DOC_CH05,0.6740067601203918,69.75160000001779,dense
Q-029,6,CH05_T05_06,DOC_CH05,0.6685356497764587,69.75160000001779,dense
Q-029,7,CH05_T05_09,DOC_CH05,0.6681453585624695,69.75160000001779,dense
Q-029,8,CH05_T05_07,DOC_CH05,0.6572471261024475,69.75160000001779,dense
Q-029,9,CH05_T05_03,DOC_CH05,0.652983546257019,69.75160000001779,dense
Q-029,10,CH05_T05_05,DOC_CH05,0.6357069611549377,69.75160000001779,dense
Q-030,1,CH05_T06_02,DOC_CH05,0.7608737945556641,71.7151000000058,dense
Q-030,2,CH05_T06_08,DOC_CH05,0.7423648238182068,71.7151000000058,dense
Q-030,3,CH05_T06_01,DOC_CH05,0.7310734391212463,71.7151000000058,dense
Q-030,4,CH05_T06_10,DOC_CH05,0.7113782167434692,71.7151000000058,dense
Q-030,5,CH05_T06_06,DOC_CH05,0.6839551329612732,71.7151000000058,dense
Q-030,6,CH04_T01_08,DOC_CH04,0.6787592768669128,71.7151000000058,dense
Q-030,7,CH05_T06_04,DOC_CH05,0.6772264242172241,71.7151000000058,dense
Q-030,8,CH05_T06_09,DOC_CH05,0.6674869656562805,71.7151000000058,dense
Q-030,9,CH05_T06_07,DOC_CH05,0.6648719906806946,71.7151000000058,dense
Q-030,10,CH04_T01_02,DOC_CH04,0.6646500825881958,71.7151000000058,dense
Q-031,1,CH06_T01_08,DOC_CH06,0.7143959403038025,70.49290000003339,dense
Q-031,2,CH06_T01_02,DOC_CH06,0.7130653262138367,70.49290000003339,dense
Q-031,3,CH06_T01_01,DOC_CH06,0.6950779557228088,70.49290000003339,dense
Q-031,4,CH06_T01_10,DOC_CH06,0.6642033457756042,70.49290000003339,dense
Q-031,5,CH06_T01_06,DOC_CH06,0.6620543003082275,70.49290000003339,dense
Q-031,6,CH06_T06_02,DOC_CH06,0.6553165912628174,70.49290000003339,dense
Q-031,7,CH06_T01_05,DOC_CH06,0.6479101181030273,70.49290000003339,dense
Q-031,8,CH06_T01_04,DOC_CH06,0.6406728625297546,70.49290000003339,dense
Q-031,9,CH06_T05_02,DOC_CH06,0.6370922327041626,70.49290000003339,dense
Q-031,10,CH06_T01_09,DOC_CH06,0.6343346238136292,70.49290000003339,dense
Q-032,1,CH06_T02_02,DOC_CH06,0.7030615210533142,70.52049999998644,dense
Q-032,2,CH06_T01_08,DOC_CH06,0.6987239122390747,70.52049999998644,dense
Q-032,3,CH06_T01_02,DOC_CH06,0.6814746856689453,70.52049999998644,dense
Q-032,4,CH06_T02_08,DOC_CH06,0.6805288195610046,70.52049999998644,dense
Q-032,5,CH06_T02_10,DOC_CH06,0.6718028783798218,70.52049999998644,dense
Q-032,6,CH06_T01_01,DOC_CH06,0.6631094217300415,70.52049999998644,dense
Q-032,7,CH06_T02_04,DOC_CH06,0.6557676792144775,70.52049999998644,dense
Q-032,8,CH06_T02_06,DOC_CH06,0.6487941741943359,70.52049999998644,dense
Q-032,9,CH06_T02_05,DOC_CH06,0.6420006155967712,70.52049999998644,dense
Q-032,10,CH06_T02_03,DOC_CH06,0.6405671238899231,70.52049999998644,dense
Q-033,1,CH06_T03_02,DOC_CH06,0.7663201689720154,69.73019999998087,dense
Q-033,2,CH06_T03_08,DOC_CH06,0.7556605935096741,69.73019999998087,dense
Q-033,3,CH06_T03_01,DOC_CH06,0.7275058031082153,69.73019999998087,dense
Q-033,4,CH06_T03_10,DOC_CH06,0.724405825138092,69.73019999998087,dense
Q-033,5,CH06_T03_06,DOC_CH06,0.6856726408004761,69.73019999998087,dense
Q-033,6,CH06_T03_04,DOC_CH06,0.6808017492294312,69.73019999998087,dense
Q-033,7,CH06_T03_09,DOC_CH06,0.6634613275527954,69.73019999998087,dense
Q-033,8,CH06_T03_05,DOC_CH06,0.6522600650787354,69.73019999998087,dense
Q-033,9,CH06_T03_03,DOC_CH06,0.6519851088523865,69.73019999998087,dense
Q-033,10,CH06_T03_07,DOC_CH06,0.633108377456665,69.73019999998087,dense
Q-034,1,CH06_T04_02,DOC_CH06,0.7619964480400085,69.65679999996155,dense
Q-034,2,CH06_T04_08,DOC_CH06,0.7273185849189758,69.65679999996155,dense
Q-034,3,CH06_T04_10,DOC_CH06,0.7044858336448669,69.65679999996155,dense
Q-034,4,CH06_T04_01,DOC_CH06,0.7019351124763489,69.65679999996155,dense
Q-034,5,CH06_T04_04,DOC_CH06,0.6773301362991333,69.65679999996155,dense
Q-034,6,CH06_T04_06,DOC_CH06,0.6748085021972656,69.65679999996155,dense
Q-034,7,CH06_T04_09,DOC_CH06,0.6559179425239563,69.65679999996155,dense
Q-034,8,CH06_T04_07,DOC_CH06,0.6424810886383057,69.65679999996155,dense
Q-034,9,CH06_T04_03,DOC_CH06,0.6416401267051697,69.65679999996155,dense
Q-034,10,CH06_T04_05,DOC_CH06,0.6311271786689758,69.65679999996155,dense
Q-035,1,CH06_T05_02,DOC_CH06,0.710025429725647,69.70949999998766,dense
Q-035,2,CH06_T05_08,DOC_CH06,0.6664273738861084,69.70949999998766,dense
Q-035,3,CH06_T01_02,DOC_CH06,0.659644365310669,69.70949999998766,dense
Q-035,4,CH06_T01_08,DOC_CH06,0.6458988785743713,69.70949999998766,dense
Q-035,5,CH06_T01_01,DOC_CH06,0.6386406421661377,69.70949999998766,dense
Q-035,6,CH06_T06_02,DOC_CH06,0.624441921710968,69.70949999998766,dense
Q-035,7,CH06_T05_06,DOC_CH06,0.6160843968391418,69.70949999998766,dense
Q-035,8,CH06_T01_06,DOC_CH06,0.6111608743667603,69.70949999998766,dense
Q-035,9,CH06_T01_10,DOC_CH06,0.6105694770812988,69.70949999998766,dense
Q-035,10,CH06_T05_10,DOC_CH06,0.6048113107681274,69.70949999998766,dense
Q-036,1,CH06_T06_02,DOC_CH06,0.7186478972434998,70.3948999999966,dense
Q-036,2,CH06_T01_02,DOC_CH06,0.7034807205200195,70.3948999999966,dense
Q-036,3,CH06_T01_08,DOC_CH06,0.7020128965377808,70.3948999999966,dense
Q-036,4,CH06_T06_08,DOC_CH06,0.6847006678581238,70.3948999999966,dense
Q-036,5,CH06_T01_01,DOC_CH06,0.6817800998687744,70.3948999999966,dense
Q-036,6,CH06_T06_01,DOC_CH06,0.6605072021484375,70.3948999999966,dense
Q-036,7,CH06_T06_10,DOC_CH06,0.65629643201828,70.3948999999966,dense
Q-036,8,CH06_T01_06,DOC_CH06,0.6557944416999817,70.3948999999966,dense
Q-036,9,CH06_T01_10,DOC_CH06,0.6529552936553955,70.3948999999966,dense
Q-036,10,CH06_T01_04,DOC_CH06,0.6528283357620239,70.3948999999966,dense
Q-037,1,CH07_T01_02,DOC_CH07,0.726806640625,73.88420000000906,dense
Q-037,2,CH07_T01_08,DOC_CH07,0.6803355813026428,73.88420000000906,dense
Q-037,3,CH07_T01_01,DOC_CH07,0.6682539582252502,73.88420000000906,dense
Q-037,4,CH07_T01_10,DOC_CH07,0.653059720993042,73.88420000000906,dense
Q-037,5,CH07_T01_06,DOC_CH07,0.6250990629196167,73.88420000000906,dense
Q-037,6,CH07_T02_02,DOC_CH07,0.6176866888999939,73.88420000000906,dense
Q-037,7,CH07_T01_04,DOC_CH07,0.6099297404289246,73.88420000000906,dense
Q-037,8,CH07_T01_09,DOC_CH07,0.6039654016494751,73.88420000000906,dense
Q-037,9,CH07_T01_07,DOC_CH07,0.603938102722168,73.88420000000906,dense
Q-037,10,CH07_T01_03,DOC_CH07,0.6008085608482361,73.88420000000906,dense
Q-038,1,CH07_T02_02,DOC_CH07,0.7410839796066284,70.21359999998822,dense
Q-038,2,CH07_T02_01,DOC_CH07,0.703685998916626,70.21359999998822,dense
Q-038,3,CH07_T02_08,DOC_CH07,0.7016491889953613,70.21359999998822,dense
Q-038,4,CH07_T02_10,DOC_CH07,0.6507871747016907,70.21359999998822,dense
Q-038,5,CH07_T01_02,DOC_CH07,0.6499384641647339,70.21359999998822,dense
Q-038,6,CH07_T02_06,DOC_CH07,0.6407054662704468,70.21359999998822,dense
Q-038,7,CH07_T02_09,DOC_CH07,0.6365227699279785,70.21359999998822,dense
Q-038,8,CH07_T02_03,DOC_CH07,0.6362549662590027,70.21359999998822,dense
Q-038,9,CH07_T02_04,DOC_CH07,0.6295769214630127,70.21359999998822,dense
Q-038,10,CH07_T02_05,DOC_CH07,0.6260798573493958,70.21359999998822,dense
Q-039,1,CH07_T03_02,DOC_CH07,0.7207536697387695,70.512400000041,dense
Q-039,2,CH07_T03_10,DOC_CH07,0.6933675408363342,70.512400000041,dense
Q-039,3,CH07_T03_01,DOC_CH07,0.6721084117889404,70.512400000041,dense
Q-039,4,CH07_T03_08,DOC_CH07,0.6690473556518555,70.512400000041,dense
Q-039,5,CH07_T03_03,DOC_CH07,0.661791980266571,70.512400000041,dense
Q-039,6,CH07_T03_04,DOC_CH07,0.6390567421913147,70.512400000041,dense
Q-039,7,CH07_T03_09,DOC_CH07,0.6345072388648987,70.512400000041,dense
Q-039,8,CH07_T03_06,DOC_CH07,0.6331092715263367,70.512400000041,dense
Q-039,9,CH07_T03_05,DOC_CH07,0.6213922500610352,70.512400000041,dense
Q-039,10,CH07_T03_07,DOC_CH07,0.6142350435256958,70.512400000041,dense
Q-040,1,CH07_T04_02,DOC_CH07,0.7549623847007751,74.36480000001211,dense
Q-040,2,CH07_T04_10,DOC_CH07,0.7267534136772156,74.36480000001211,dense
Q-040,3,CH07_T04_01,DOC_CH07,0.7116643786430359,74.36480000001211,dense
Q-040,4,CH07_T04_08,DOC_CH07,0.7062389254570007,74.36480000001211,dense
Q-040,5,CH07_T04_06,DOC_CH07,0.6912705898284912,74.36480000001211,dense
Q-040,6,CH07_T04_09,DOC_CH07,0.6771711707115173,74.36480000001211,dense
Q-040,7,CH07_T04_04,DOC_CH07,0.6759588718414307,74.36480000001211,dense
Q-040,8,CH07_T04_03,DOC_CH07,0.6655997633934021,74.36480000001211,dense
Q-040,9,CH07_T04_05,DOC_CH07,0.6568101048469543,74.36480000001211,dense
Q-040,10,CH07_T04_07,DOC_CH07,0.6376363039016724,74.36480000001211,dense
Q-041,1,CH07_T05_02,DOC_CH07,0.7201893925666809,69.51829999997017,dense
Q-041,2,CH07_T05_01,DOC_CH07,0.6956322193145752,69.51829999997017,dense
Q-041,3,CH07_T05_08,DOC_CH07,0.6938478350639343,69.51829999997017,dense
Q-041,4,CH07_T05_10,DOC_CH07,0.6887496113777161,69.51829999997017,dense
Q-041,5,CH07_T05_03,DOC_CH07,0.6644176840782166,69.51829999997017,dense
Q-041,6,CH07_T05_06,DOC_CH07,0.6458466053009033,69.51829999997017,dense
Q-041,7,CH07_T05_09,DOC_CH07,0.6434736847877502,69.51829999997017,dense
Q-041,8,CH07_T05_04,DOC_CH07,0.6419174075126648,69.51829999997017,dense
Q-041,9,CH07_T05_07,DOC_CH07,0.6299723982810974,69.51829999997017,dense
Q-041,10,CH07_T05_05,DOC_CH07,0.6294698119163513,69.51829999997017,dense
Q-042,1,CH07_T06_02,DOC_CH07,0.6938595175743103,70.39159999999356,dense
Q-042,2,CH07_T06_08,DOC_CH07,0.6712673902511597,70.39159999999356,dense
Q-042,3,CH07_T06_10,DOC_CH07,0.6622321009635925,70.39159999999356,dense
Q-042,4,CH07_T06_01,DOC_CH07,0.6513765454292297,70.39159999999356,dense
Q-042,5,CH07_T06_03,DOC_CH07,0.6467738747596741,70.39159999999356,dense
Q-042,6,CH07_T06_07,DOC_CH07,0.6399961709976196,70.39159999999356,dense
Q-042,7,CH07_T06_04,DOC_CH07,0.6324269771575928,70.39159999999356,dense
Q-042,8,CH07_T06_09,DOC_CH07,0.6289123296737671,70.39159999999356,dense
Q-042,9,CH07_T06_05,DOC_CH07,0.6227520704269409,70.39159999999356,dense
Q-042,10,CH07_T06_06,DOC_CH07,0.6103163957595825,70.39159999999356,dense
Q-043,1,CH08_T01_02,DOC_CH08,0.7599712610244751,71.01390000002539,dense
Q-043,2,CH08_T01_08,DOC_CH08,0.7311232686042786,71.01390000002539,dense
Q-043,3,CH08_T01_10,DOC_CH08,0.7240347862243652,71.01390000002539,dense
Q-043,4,CH08_T01_03,DOC_CH08,0.7209661602973938,71.01390000002539,dense
Q-043,5,CH08_T01_09,DOC_CH08,0.6951245069503784,71.01390000002539,dense
Q-043,6,CH08_T01_07,DOC_CH08,0.6869070529937744,71.01390000002539,dense
Q-043,7,CH08_T01_04,DOC_CH08,0.6867286562919617,71.01390000002539,dense
Q-043,8,CH08_T01_05,DOC_CH08,0.6835311055183411,71.01390000002539,dense
Q-043,9,CH08_T01_01,DOC_CH08,0.6710079908370972,71.01390000002539,dense
Q-043,10,CH09_T05_02,DOC_CH09,0.6649222373962402,71.01390000002539,dense
Q-044,1,CH08_T02_02,DOC_CH08,0.7504497170448303,69.97129999996332,dense
Q-044,2,CH08_T02_08,DOC_CH08,0.7197509407997131,69.97129999996332,dense
Q-044,3,CH08_T02_10,DOC_CH08,0.7142206430435181,69.97129999996332,dense
Q-044,4,CH08_T02_01,DOC_CH08,0.6774086356163025,69.97129999996332,dense
Q-044,5,CH08_T02_03,DOC_CH08,0.672760009765625,69.97129999996332,dense
Q-044,6,CH08_T02_06,DOC_CH08,0.6657030582427979,69.97129999996332,dense
Q-044,7,CH08_T02_09,DOC_CH08,0.6597744226455688,69.97129999996332,dense
Q-044,8,CH08_T02_04,DOC_CH08,0.6589742302894592,69.97129999996332,dense
Q-044,9,CH08_T02_07,DOC_CH08,0.6467136740684509,69.97129999996332,dense
Q-044,10,CH09_T01_02,DOC_CH09,0.6461220979690552,69.97129999996332,dense
Q-045,1,CH08_T03_02,DOC_CH08,0.6810864210128784,71.14479999995638,dense
Q-045,2,CH09_T05_02,DOC_CH09,0.6701679229736328,71.14479999995638,dense
Q-045,3,CH09_T05_10,DOC_CH09,0.6584707498550415,71.14479999995638,dense
Q-045,4,CH08_T03_10,DOC_CH08,0.6576358079910278,71.14479999995638,dense
Q-045,5,CH09_T05_08,DOC_CH09,0.6565216779708862,71.14479999995638,dense
Q-045,6,CH09_T05_01,DOC_CH09,0.6529778838157654,71.14479999995638,dense
Q-045,7,CH09_T06_02,DOC_CH09,0.6498942375183105,71.14479999995638,dense
Q-045,8,CH08_T03_08,DOC_CH08,0.6462216973304749,71.14479999995638,dense
Q-045,9,CH09_T02_02,DOC_CH09,0.645123302936554,71.14479999995638,dense
Q-045,10,CH08_T02_02,DOC_CH08,0.6428273916244507,71.14479999995638,dense
Q-046,1,CH08_T04_02,DOC_CH08,0.7624231576919556,70.32440000000406,dense
Q-046,2,CH08_T04_01,DOC_CH08,0.7416860461235046,70.32440000000406,dense
Q-046,3,CH08_T04_08,DOC_CH08,0.7332396507263184,70.32440000000406,dense
Q-046,4,CH08_T04_10,DOC_CH08,0.7314321398735046,70.32440000000406,dense
Q-046,5,CH08_T04_09,DOC_CH08,0.7147989273071289,70.32440000000406,dense
Q-046,6,CH08_T04_04,DOC_CH08,0.7111811637878418,70.32440000000406,dense
Q-046,7,CH08_T04_03,DOC_CH08,0.7096889019012451,70.32440000000406,dense
Q-046,8,CH08_T04_06,DOC_CH08,0.6930443048477173,70.32440000000406,dense
Q-046,9,CH08_T04_05,DOC_CH08,0.6890625357627869,70.32440000000406,dense
Q-046,10,CH08_T04_07,DOC_CH08,0.6859466433525085,70.32440000000406,dense
Q-047,1,CH08_T05_02,DOC_CH08,0.7307069897651672,70.31000000000631,dense
Q-047,2,CH08_T05_08,DOC_CH08,0.6887497901916504,70.31000000000631,dense
Q-047,3,CH08_T05_10,DOC_CH08,0.6812875270843506,70.31000000000631,dense
Q-047,4,CH08_T05_01,DOC_CH08,0.6760321855545044,70.31000000000631,dense
Q-047,5,CH08_T05_06,DOC_CH08,0.6587873697280884,70.31000000000631,dense
Q-047,6,CH08_T05_09,DOC_CH08,0.6499937772750854,70.31000000000631,dense
Q-047,7,CH08_T05_03,DOC_CH08,0.6491773128509521,70.31000000000631,dense
Q-047,8,CH08_T05_04,DOC_CH08,0.6451547741889954,70.31000000000631,dense
Q-047,9,CH09_T05_02,DOC_CH09,0.62319415807724,70.31000000000631,dense
Q-047,10,CH08_T05_05,DOC_CH08,0.6211125254631042,70.31000000000631,dense
Q-048,1,CH08_T06_02,DOC_CH08,0.7092862725257874,71.33070000003272,dense
Q-048,2,CH08_T06_04,DOC_CH08,0.6759048700332642,71.33070000003272,dense
Q-048,3,CH08_T06_08,DOC_CH08,0.6741786599159241,71.33070000003272,dense
Q-048,4,CH08_T06_03,DOC_CH08,0.6725987195968628,71.33070000003272,dense
Q-048,5,CH08_T06_09,DOC_CH08,0.6679951548576355,71.33070000003272,dense
Q-048,6,CH08_T06_10,DOC_CH08,0.6654738187789917,71.33070000003272,dense
Q-048,7,CH08_T06_05,DOC_CH08,0.6626178026199341,71.33070000003272,dense
Q-048,8,CH08_T06_01,DOC_CH08,0.6578274369239807,71.33070000003272,dense
Q-048,9,CH08_T06_07,DOC_CH08,0.6422649025917053,71.33070000003272,dense
Q-048,10,CH08_T06_06,DOC_CH08,0.6414155960083008,71.33070000003272,dense
Q-049,1,CH09_T01_02,DOC_CH09,0.7144128680229187,69.93199999999433,dense
Q-049,2,CH09_T01_10,DOC_CH09,0.6892759203910828,69.93199999999433,dense
Q-049,3,CH09_T01_01,DOC_CH09,0.6867733597755432,69.93199999999433,dense
Q-049,4,CH09_T01_08,DOC_CH09,0.6823480129241943,69.93199999999433,dense
Q-049,5,CH09_T01_03,DOC_CH09,0.6517937183380127,69.93199999999433,dense
Q-049,6,CH09_T01_06,DOC_CH09,0.6469321846961975,69.93199999999433,dense
Q-049,7,CH09_T01_04,DOC_CH09,0.6422057151794434,69.93199999999433,dense
Q-049,8,CH09_T01_09,DOC_CH09,0.6420126557350159,69.93199999999433,dense
Q-049,9,CH09_T06_02,DOC_CH09,0.6418971419334412,69.93199999999433,dense
Q-049,10,CH08_T02_02,DOC_CH08,0.6418663859367371,69.93199999999433,dense
Q-050,1,CH09_T02_02,DOC_CH09,0.7319729328155518,69.87589999999955,dense
Q-050,2,CH09_T02_08,DOC_CH09,0.7042482495307922,69.87589999999955,dense
Q-050,3,CH09_T02_10,DOC_CH09,0.6996827721595764,69.87589999999955,dense
Q-050,4,CH09_T02_01,DOC_CH09,0.6911332011222839,69.87589999999955,dense
Q-050,5,CH10_T04_02,DOC_CH10,0.6819841861724854,69.87589999999955,dense
Q-050,6,CH09_T02_03,DOC_CH09,0.6655043959617615,69.87589999999955,dense
Q-050,7,CH10_T04_08,DOC_CH10,0.6609399914741516,69.87589999999955,dense
Q-050,8,CH09_T02_06,DOC_CH09,0.6597158312797546,69.87589999999955,dense
Q-050,9,CH09_T02_09,DOC_CH09,0.6574687361717224,69.87589999999955,dense
Q-050,10,CH10_T04_01,DOC_CH10,0.6553188562393188,69.87589999999955,dense
Q-051,1,CH09_T03_02,DOC_CH09,0.7193312644958496,71.42629999998462,dense
Q-051,2,CH09_T03_10,DOC_CH09,0.71282958984375,71.42629999998462,dense
Q-051,3,CH09_T03_08,DOC_CH09,0.6988223791122437,71.42629999998462,dense
Q-051,4,CH09_T03_01,DOC_CH09,0.6771539449691772,71.42629999998462,dense
Q-051,5,CH09_T03_03,DOC_CH09,0.6757830381393433,71.42629999998462,dense
Q-051,6,CH09_T03_04,DOC_CH09,0.6590718626976013,71.42629999998462,dense
Q-051,7,CH09_T03_09,DOC_CH09,0.654952883720398,71.42629999998462,dense
Q-051,8,CH09_T03_05,DOC_CH09,0.653269350528717,71.42629999998462,dense
Q-051,9,CH09_T03_07,DOC_CH09,0.6472195982933044,71.42629999998462,dense
Q-051,10,CH09_T03_06,DOC_CH09,0.6444168090820312,71.42629999998462,dense
Q-052,1,CH09_T04_02,DOC_CH09,0.7210007309913635,70.86240000000998,dense
Q-052,2,CH09_T04_10,DOC_CH09,0.7080013155937195,70.86240000000998,dense
Q-052,3,CH09_T04_08,DOC_CH09,0.6982382535934448,70.86240000000998,dense
Q-052,4,CH09_T05_02,DOC_CH09,0.6692612767219543,70.86240000000998,dense
Q-052,5,CH09_T04_06,DOC_CH09,0.6654319167137146,70.86240000000998,dense
Q-052,6,CH09_T04_04,DOC_CH09,0.6649461984634399,70.86240000000998,dense
Q-052,7,CH09_T05_08,DOC_CH09,0.6624469757080078,70.86240000000998,dense
Q-052,8,CH09_T04_03,DOC_CH09,0.6593644618988037,70.86240000000998,dense
Q-052,9,CH09_T04_09,DOC_CH09,0.6581185460090637,70.86240000000998,dense
Q-052,10,CH09_T05_10,DOC_CH09,0.653243899345398,70.86240000000998,dense
Q-053,1,CH09_T05_02,DOC_CH09,0.7327691912651062,70.62619999999242,dense
Q-053,2,CH09_T05_08,DOC_CH09,0.7176705598831177,70.62619999999242,dense
Q-053,3,CH09_T05_10,DOC_CH09,0.7165907025337219,70.62619999999242,dense
Q-053,4,CH09_T05_01,DOC_CH09,0.7143640518188477,70.62619999999242,dense
Q-053,5,CH09_T05_03,DOC_CH09,0.6860327124595642,70.62619999999242,dense
Q-053,6,CH09_T05_04,DOC_CH09,0.6783354878425598,70.62619999999242,dense
Q-053,7,CH09_T05_06,DOC_CH09,0.6748121380805969,70.62619999999242,dense
Q-053,8,CH09_T05_09,DOC_CH09,0.6706258654594421,70.62619999999242,dense
Q-053,9,CH09_T05_07,DOC_CH09,0.6655939817428589,70.62619999999242,dense
Q-053,10,CH09_T05_05,DOC_CH09,0.6611517071723938,70.62619999999242,dense
Q-054,1,CH09_T06_02,DOC_CH09,0.7522194385528564,70.01309999998284,dense
Q-054,2,CH09_T06_10,DOC_CH09,0.7151942849159241,70.01309999998284,dense
Q-054,3,CH09_T06_08,DOC_CH09,0.7059987783432007,70.01309999998284,dense
Q-054,4,CH09_T06_01,DOC_CH09,0.6934084296226501,70.01309999998284,dense
Q-054,5,CH09_T06_03,DOC_CH09,0.6865066289901733,70.01309999998284,dense
Q-054,6,CH09_T06_06,DOC_CH09,0.6841439604759216,70.01309999998284,dense
Q-054,7,CH09_T06_04,DOC_CH09,0.6827032566070557,70.01309999998284,dense
Q-054,8,CH09_T06_09,DOC_CH09,0.6827007532119751,70.01309999998284,dense
Q-054,9,CH09_T06_05,DOC_CH09,0.6732339262962341,70.01309999998284,dense
Q-054,10,CH09_T06_07,DOC_CH09,0.6654345989227295,70.01309999998284,dense
Q-055,1,CH10_T01_02,DOC_CH10,0.7372438311576843,70.72750000003225,dense
Q-055,2,CH10_T01_10,DOC_CH10,0.7136733531951904,70.72750000003225,dense
Q-055,3,CH10_T01_08,DOC_CH10,0.7062253355979919,70.72750000003225,dense
Q-055,4,CH10_T06_02,DOC_CH10,0.6976871490478516,70.72750000003225,dense
Q-055,5,CH10_T01_01,DOC_CH10,0.6950661540031433,70.72750000003225,dense
Q-055,6,CH10_T06_01,DOC_CH10,0.6934425234794617,70.72750000003225,dense
Q-055,7,CH10_T06_10,DOC_CH10,0.6774548292160034,70.72750000003225,dense
Q-055,8,CH10_T01_06,DOC_CH10,0.6747952103614807,70.72750000003225,dense
Q-055,9,CH10_T01_03,DOC_CH10,0.6736449003219604,70.72750000003225,dense
Q-055,10,CH10_T06_07,DOC_CH10,0.6734834909439087,70.72750000003225,dense
Q-056,1,CH10_T02_02,DOC_CH10,0.7517654299736023,69.70810000001393,dense
Q-056,2,CH10_T02_10,DOC_CH10,0.734546422958374,69.70810000001393,dense
Q-056,3,CH10_T02_08,DOC_CH10,0.7264435887336731,69.70810000001393,dense
Q-056,4,CH10_T02_01,DOC_CH10,0.7139646410942078,69.70810000001393,dense
Q-056,5,CH10_T02_05,DOC_CH10,0.7018325924873352,69.70810000001393,dense
Q-056,6,CH10_T02_09,DOC_CH10,0.7006238698959351,69.70810000001393,dense
Q-056,7,CH10_T02_03,DOC_CH10,0.6995187401771545,69.70810000001393,dense
Q-056,8,CH10_T02_04,DOC_CH10,0.6930811405181885,69.70810000001393,dense
Q-056,9,CH10_T02_06,DOC_CH10,0.6868257522583008,69.70810000001393,dense
Q-056,10,CH10_T02_07,DOC_CH10,0.6797627210617065,69.70810000001393,dense
Q-057,1,CH10_T03_02,DOC_CH10,0.7512254118919373,71.59810000001698,dense
Q-057,2,CH10_T03_10,DOC_CH10,0.7239894866943359,71.59810000001698,dense
Q-057,3,CH10_T03_08,DOC_CH10,0.7217502593994141,71.59810000001698,dense
Q-057,4,CH10_T03_01,DOC_CH10,0.710930347442627,71.59810000001698,dense
Q-057,5,CH10_T03_03,DOC_CH10,0.6863195896148682,71.59810000001698,dense
Q-057,6,CH10_T03_04,DOC_CH10,0.6826955676078796,71.59810000001698,dense
Q-057,7,CH10_T03_07,DOC_CH10,0.6795893907546997,71.59810000001698,dense
Q-057,8,CH10_T03_05,DOC_CH10,0.6778351068496704,71.59810000001698,dense
Q-057,9,CH10_T03_09,DOC_CH10,0.6735785603523254,71.59810000001698,dense
Q-057,10,CH10_T03_06,DOC_CH10,0.6711680293083191,71.59810000001698,dense
Q-058,1,CH10_T04_02,DOC_CH10,0.7072929739952087,70.26369999999815,dense
Q-058,2,CH10_T04_10,DOC_CH10,0.6771925091743469,70.26369999999815,dense
Q-058,3,CH10_T04_08,DOC_CH10,0.6755685210227966,70.26369999999815,dense
Q-058,4,CH10_T04_01,DOC_CH10,0.657446563243866,70.26369999999815,dense
Q-058,5,CH10_T04_03,DOC_CH10,0.6564070582389832,70.26369999999815,dense
Q-058,6,CH09_T02_02,DOC_CH09,0.6554462313652039,70.26369999999815,dense
Q-058,7,CH10_T04_09,DOC_CH10,0.636587381362915,70.26369999999815,dense
Q-058,8,CH09_T02_08,DOC_CH09,0.6329981684684753,70.26369999999815,dense
Q-058,9,CH10_T04_06,DOC_CH10,0.6326001286506653,70.26369999999815,dense
Q-058,10,CH10_T04_05,DOC_CH10,0.628325879573822,70.26369999999815,dense
Q-059,1,CH10_T05_02,DOC_CH10,0.7377285957336426,71.30719999997837,dense
Q-059,2,CH10_T05_08,DOC_CH10,0.71281498670578,71.30719999997837,dense
Q-059,3,CH10_T05_10,DOC_CH10,0.7057448625564575,71.30719999997837,dense
Q-059,4,CH10_T05_01,DOC_CH10,0.70035719871521,71.30719999997837,dense
Q-059,5,CH10_T05_03,DOC_CH10,0.6949549913406372,71.30719999997837,dense
Q-059,6,CH10_T05_05,DOC_CH10,0.6878756880760193,71.30719999997837,dense
Q-059,7,CH10_T05_04,DOC_CH10,0.6853315830230713,71.30719999997837,dense
Q-059,8,CH10_T05_09,DOC_CH10,0.6759011745452881,71.30719999997837,dense
Q-059,9,CH10_T05_07,DOC_CH10,0.6718344688415527,71.30719999997837,dense
Q-059,10,CH10_T05_06,DOC_CH10,0.6635928153991699,71.30719999997837,dense
Q-060,1,CH10_T06_02,DOC_CH10,0.7318148016929626,69.55590000001166,dense
Q-060,2,CH10_T06_08,DOC_CH10,0.722352147102356,69.55590000001166,dense
Q-060,3,CH10_T06_10,DOC_CH10,0.7143518924713135,69.55590000001166,dense
Q-060,4,CH10_T06_03,DOC_CH10,0.7009072303771973,69.55590000001166,dense
Q-060,5,CH10_T06_06,DOC_CH10,0.6765351295471191,69.55590000001166,dense
Q-060,6,CH10_T06_09,DOC_CH10,0.6717231273651123,69.55590000001166,dense
Q-060,7,CH10_T06_04,DOC_CH10,0.6632617712020874,69.55590000001166,dense
Q-060,8,CH05_T02_02,DOC_CH05,0.6620301604270935,69.55590000001166,dense
Q-060,9,CH15_T02_02,DOC_CH15,0.650316596031189,69.55590000001166,dense
Q-060,10,CH10_T06_05,DOC_CH10,0.6419785022735596,69.55590000001166,dense
Q-061,1,CH11_T01_02,DOC_CH11,0.6756035685539246,68.59830000001921,dense
Q-061,2,CH11_T01_08,DOC_CH11,0.6688651442527771,68.59830000001921,dense
Q-061,3,CH11_T01_10,DOC_CH11,0.668280839920044,68.59830000001921,dense
Q-061,4,CH11_T01_01,DOC_CH11,0.6347898840904236,68.59830000001921,dense
Q-061,5,CH11_T01_03,DOC_CH11,0.6204420328140259,68.59830000001921,dense
Q-061,6,CH11_T01_05,DOC_CH11,0.6176488399505615,68.59830000001921,dense
Q-061,7,CH11_T01_04,DOC_CH11,0.602660059928894,68.59830000001921,dense
Q-061,8,CH11_T01_07,DOC_CH11,0.6025627255439758,68.59830000001921,dense
Q-061,9,CH11_T01_06,DOC_CH11,0.5981519818305969,68.59830000001921,dense
Q-061,10,CH11_T01_09,DOC_CH11,0.5887535214424133,68.59830000001921,dense
Q-062,1,CH11_T02_02,DOC_CH11,0.6842576265335083,69.3164999999567,dense
Q-062,2,CH11_T02_08,DOC_CH11,0.655626118183136,69.3164999999567,dense
Q-062,3,CH11_T02_10,DOC_CH11,0.6549813747406006,69.3164999999567,dense
Q-062,4,CH11_T02_01,DOC_CH11,0.6508418917655945,69.3164999999567,dense
Q-062,5,CH11_T02_06,DOC_CH11,0.6325072646141052,69.3164999999567,dense
Q-062,6,CH11_T02_07,DOC_CH11,0.6297450661659241,69.3164999999567,dense
Q-062,7,CH11_T02_09,DOC_CH11,0.6216034889221191,69.3164999999567,dense
Q-062,8,CH11_T02_03,DOC_CH11,0.6194726228713989,69.3164999999567,dense
Q-062,9,CH11_T02_04,DOC_CH11,0.6121441721916199,69.3164999999567,dense
Q-062,10,CH11_T03_02,DOC_CH11,0.6114308834075928,69.3164999999567,dense
Q-063,1,CH11_T03_02,DOC_CH11,0.7347527146339417,69.81830000000855,dense
Q-063,2,CH11_T03_10,DOC_CH11,0.7012121081352234,69.81830000000855,dense
Q-063,3,CH11_T03_08,DOC_CH11,0.6931973099708557,69.81830000000855,dense
Q-063,4,CH11_T03_01,DOC_CH11,0.6907583475112915,69.81830000000855,dense
Q-063,5,CH11_T03_03,DOC_CH11,0.6829922199249268,69.81830000000855,dense
Q-063,6,CH11_T03_05,DOC_CH11,0.6803367137908936,69.81830000000855,dense
Q-063,7,CH11_T03_09,DOC_CH11,0.6797342300415039,69.81830000000855,dense
Q-063,8,CH11_T03_04,DOC_CH11,0.6756336688995361,69.81830000000855,dense
Q-063,9,CH11_T03_06,DOC_CH11,0.6638721823692322,69.81830000000855,dense
Q-063,10,CH11_T03_07,DOC_CH11,0.6605886220932007,69.81830000000855,dense
Q-064,1,CH11_T04_02,DOC_CH11,0.7329829335212708,69.8586999999975,dense
Q-064,2,CH11_T04_10,DOC_CH11,0.7073118090629578,69.8586999999975,dense
Q-064,3,CH11_T04_08,DOC_CH11,0.6946553587913513,69.8586999999975,dense
Q-064,4,CH11_T04_01,DOC_CH11,0.6886152029037476,69.8586999999975,dense
Q-064,5,CH11_T05_02,DOC_CH11,0.673706591129303,69.8586999999975,dense
Q-064,6,CH11_T04_09,DOC_CH11,0.6697465777397156,69.8586999999975,dense
Q-064,7,CH11_T05_10,DOC_CH11,0.6690057516098022,69.8586999999975,dense
Q-064,8,CH11_T04_06,DOC_CH11,0.6663073897361755,69.8586999999975,dense
Q-064,9,CH11_T04_03,DOC_CH11,0.6636809706687927,69.8586999999975,dense
Q-064,10,CH11_T05_08,DOC_CH11,0.6602641940116882,69.8586999999975,dense
Q-065,1,CH11_T05_02,DOC_CH11,0.735748827457428,69.88599999999678,dense
Q-065,2,CH11_T05_08,DOC_CH11,0.7113769054412842,69.88599999999678,dense
Q-065,3,CH11_T05_10,DOC_CH11,0.7059270143508911,69.88599999999678,dense
Q-065,4,CH11_T05_01,DOC_CH11,0.7017201781272888,69.88599999999678,dense
Q-065,5,CH11_T05_03,DOC_CH11,0.6744810938835144,69.88599999999678,dense
Q-065,6,CH11_T05_09,DOC_CH11,0.6667726039886475,69.88599999999678,dense
Q-065,7,CH11_T05_06,DOC_CH11,0.6661463975906372,69.88599999999678,dense
Q-065,8,CH11_T04_02,DOC_CH11,0.6634445786476135,69.88599999999678,dense
Q-065,9,CH11_T05_04,DOC_CH11,0.6611896753311157,69.88599999999678,dense
Q-065,10,CH11_T05_05,DOC_CH11,0.6551634669303894,69.88599999999678,dense
Q-066,1,CH11_T06_02,DOC_CH11,0.723725438117981,70.20370000003595,dense
Q-066,2,CH12_T06_02,DOC_CH12,0.7133287191390991,70.20370000003595,dense
Q-066,3,CH11_T06_08,DOC_CH11,0.6916035413742065,70.20370000003595,dense
Q-066,4,CH12_T06_10,DOC_CH12,0.682881236076355,70.20370000003595,dense
Q-066,5,CH12_T06_08,DOC_CH12,0.6795287728309631,70.20370000003595,dense
Q-066,6,CH11_T06_10,DOC_CH11,0.6749694347381592,70.20370000003595,dense
Q-066,7,CH12_T06_03,DOC_CH12,0.6698152422904968,70.20370000003595,dense
Q-066,8,CH12_T06_07,DOC_CH12,0.6691174507141113,70.20370000003595,dense
Q-066,9,CH12_T06_01,DOC_CH12,0.6662279367446899,70.20370000003595,dense
Q-066,10,CH11_T06_03,DOC_CH11,0.6633219718933105,70.20370000003595,dense
Q-067,1,CH12_T01_02,DOC_CH12,0.728744387626648,69.60900000001402,dense
Q-067,2,CH12_T01_08,DOC_CH12,0.7166138291358948,69.60900000001402,dense
Q-067,3,CH12_T01_10,DOC_CH12,0.7067670822143555,69.60900000001402,dense
Q-067,4,CH12_T01_01,DOC_CH12,0.6719023585319519,69.60900000001402,dense
Q-067,5,CH12_T01_09,DOC_CH12,0.6649777293205261,69.60900000001402,dense
Q-067,6,CH12_T01_04,DOC_CH12,0.6643796563148499,69.60900000001402,dense
Q-067,7,CH12_T01_03,DOC_CH12,0.6640012264251709,69.60900000001402,dense
Q-067,8,CH12_T01_06,DOC_CH12,0.6636958718299866,69.60900000001402,dense
Q-067,9,CH12_T01_07,DOC_CH12,0.654135525226593,69.60900000001402,dense
Q-067,10,CH12_T01_05,DOC_CH12,0.6536261439323425,69.60900000001402,dense
Q-068,1,CH12_T02_02,DOC_CH12,0.7028846144676208,71.76160000000209,dense
Q-068,2,CH12_T02_10,DOC_CH12,0.6900937557220459,71.76160000000209,dense
Q-068,3,CH12_T02_08,DOC_CH12,0.6780656576156616,71.76160000000209,dense
Q-068,4,CH12_T02_03,DOC_CH12,0.6683031320571899,71.76160000000209,dense
Q-068,5,CH12_T02_04,DOC_CH12,0.6625903844833374,71.76160000000209,dense
Q-068,6,CH12_T02_07,DOC_CH12,0.6568332314491272,71.76160000000209,dense
Q-068,7,CH12_T02_05,DOC_CH12,0.6538314819335938,71.76160000000209,dense
Q-068,8,CH12_T02_09,DOC_CH12,0.6526374816894531,71.76160000000209,dense
Q-068,9,CH12_T02_06,DOC_CH12,0.6436277627944946,71.76160000000209,dense
Q-068,10,CH12_T02_01,DOC_CH12,0.6082136034965515,71.76160000000209,dense
Q-069,1,CH12_T03_02,DOC_CH12,0.7357023358345032,69.92580000002135,dense
Q-069,2,CH12_T03_10,DOC_CH12,0.703192949295044,69.92580000002135,dense
Q-069,3,CH12_T03_01,DOC_CH12,0.7029357552528381,69.92580000002135,dense
Q-069,4,CH12_T03_08,DOC_CH12,0.7012044787406921,69.92580000002135,dense
Q-069,5,CH12_T03_09,DOC_CH12,0.6787921786308289,69.92580000002135,dense
Q-069,6,CH12_T03_04,DOC_CH12,0.6774032711982727,69.92580000002135,dense
Q-069,7,CH12_T03_03,DOC_CH12,0.675879955291748,69.92580000002135,dense
Q-069,8,CH12_T03_07,DOC_CH12,0.6725952625274658,69.92580000002135,dense
Q-069,9,CH12_T03_06,DOC_CH12,0.6702207922935486,69.92580000002135,dense
Q-069,10,CH12_T03_05,DOC_CH12,0.6660402417182922,69.92580000002135,dense
Q-070,1,CH12_T04_02,DOC_CH12,0.6627553105354309,70.01489999998967,dense
Q-070,2,CH12_T04_10,DOC_CH12,0.6327964663505554,70.01489999998967,dense
Q-070,3,CH12_T04_08,DOC_CH12,0.6309076547622681,70.01489999998967,dense
Q-070,4,CH12_T04_03,DOC_CH12,0.6133208870887756,70.01489999998967,dense
Q-070,5,CH12_T04_06,DOC_CH12,0.6064690351486206,70.01489999998967,dense
Q-070,6,CH12_T04_01,DOC_CH12,0.6054254770278931,70.01489999998967,dense
Q-070,7,CH12_T04_04,DOC_CH12,0.5940122604370117,70.01489999998967,dense
Q-070,8,CH12_T04_09,DOC_CH12,0.5879152417182922,70.01489999998967,dense
Q-070,9,CH12_T04_07,DOC_CH12,0.584570050239563,70.01489999998967,dense
Q-070,10,CH12_T04_05,DOC_CH12,0.5759859681129456,70.01489999998967,dense
Q-071,1,CH12_T05_02,DOC_CH12,0.7303869724273682,71.526399999982,dense
Q-071,2,CH12_T05_08,DOC_CH12,0.7002318501472473,71.526399999982,dense
Q-071,3,CH12_T05_10,DOC_CH12,0.6953436136245728,71.526399999982,dense
Q-071,4,CH12_T05_01,DOC_CH12,0.67999267578125,71.526399999982,dense
Q-071,5,CH12_T05_06,DOC_CH12,0.6674022078514099,71.526399999982,dense
Q-071,6,CH12_T05_04,DOC_CH12,0.66704922914505,71.526399999982,dense
Q-071,7,CH12_T05_03,DOC_CH12,0.6575300693511963,71.526399999982,dense
Q-071,8,CH12_T05_09,DOC_CH12,0.6529462933540344,71.526399999982,dense
Q-071,9,CH12_T05_07,DOC_CH12,0.6524152755737305,71.526399999982,dense
Q-071,10,CH12_T03_02,DOC_CH12,0.627224326133728,71.526399999982,dense
Q-072,1,CH12_T06_02,DOC_CH12,0.7458509206771851,71.30760000001146,dense
Q-072,2,CH12_T06_10,DOC_CH12,0.7224262356758118,71.30760000001146,dense
Q-072,3,CH12_T06_08,DOC_CH12,0.7093949913978577,71.30760000001146,dense
Q-072,4,CH12_T06_03,DOC_CH12,0.7000957131385803,71.30760000001146,dense
Q-072,5,CH12_T06_07,DOC_CH12,0.6921570897102356,71.30760000001146,dense
Q-072,6,CH12_T06_01,DOC_CH12,0.6921470165252686,71.30760000001146,dense
Q-072,7,CH12_T06_09,DOC_CH12,0.6882423758506775,71.30760000001146,dense
Q-072,8,CH12_T06_04,DOC_CH12,0.6861712336540222,71.30760000001146,dense
Q-072,9,CH11_T06_02,DOC_CH11,0.6817185282707214,71.30760000001146,dense
Q-072,10,CH12_T06_05,DOC_CH12,0.6782872080802917,71.30760000001146,dense
Q-073,1,CH13_T01_02,DOC_CH13,0.699097216129303,70.2441000000249,dense
Q-073,2,CH13_T01_08,DOC_CH13,0.6880516409873962,70.2441000000249,dense
Q-073,3,CH13_T01_10,DOC_CH13,0.6820056438446045,70.2441000000249,dense
Q-073,4,CH13_T01_01,DOC_CH13,0.6651752591133118,70.2441000000249,dense
Q-073,5,CH13_T01_03,DOC_CH13,0.6546937823295593,70.2441000000249,dense
Q-073,6,CH13_T01_04,DOC_CH13,0.6400782465934753,70.2441000000249,dense
Q-073,7,CH13_T01_07,DOC_CH13,0.6394680142402649,70.2441000000249,dense
Q-073,8,CH13_T01_09,DOC_CH13,0.6394197940826416,70.2441000000249,dense
Q-073,9,CH13_T01_06,DOC_CH13,0.6326233148574829,70.2441000000249,dense
Q-073,10,CH13_T06_07,DOC_CH13,0.6279507279396057,70.2441000000249,dense
Q-074,1,CH13_T02_02,DOC_CH13,0.694966197013855,71.44219999997858,dense
Q-074,2,CH13_T02_08,DOC_CH13,0.6752543449401855,71.44219999997858,dense
Q-074,3,CH13_T02_10,DOC_CH13,0.667231559753418,71.44219999997858,dense
Q-074,4,CH13_T02_06,DOC_CH13,0.6370120644569397,71.44219999997858,dense
Q-074,5,CH13_T02_01,DOC_CH13,0.6299993991851807,71.44219999997858,dense
Q-074,6,CH13_T02_04,DOC_CH13,0.6243447661399841,71.44219999997858,dense
Q-074,7,CH13_T02_03,DOC_CH13,0.6237227320671082,71.44219999997858,dense
Q-074,8,CH13_T02_07,DOC_CH13,0.6223105788230896,71.44219999997858,dense
Q-074,9,CH13_T02_05,DOC_CH13,0.6197460889816284,71.44219999997858,dense
Q-074,10,CH13_T02_09,DOC_CH13,0.6175384521484375,71.44219999997858,dense
Q-075,1,CH13_T03_02,DOC_CH13,0.7000740766525269,71.67480000003934,dense
Q-075,2,CH13_T03_08,DOC_CH13,0.6856753826141357,71.67480000003934,dense
Q-075,3,CH13_T03_10,DOC_CH13,0.6795696020126343,71.67480000003934,dense
Q-075,4,CH13_T03_03,DOC_CH13,0.6653143763542175,71.67480000003934,dense
Q-075,5,CH13_T03_04,DOC_CH13,0.6593669652938843,71.67480000003934,dense
Q-075,6,CH13_T03_05,DOC_CH13,0.6575793623924255,71.67480000003934,dense
Q-075,7,CH13_T03_06,DOC_CH13,0.6540457010269165,71.67480000003934,dense
Q-075,8,CH13_T03_07,DOC_CH13,0.6532245874404907,71.67480000003934,dense
Q-075,9,CH13_T03_09,DOC_CH13,0.6496076583862305,71.67480000003934,dense
Q-075,10,CH13_T03_01,DOC_CH13,0.5847120881080627,71.67480000003934,dense
Q-076,1,CH13_T04_02,DOC_CH13,0.7232857346534729,71.02409999998827,dense
Q-076,2,CH13_T04_10,DOC_CH13,0.7026932239532471,71.02409999998827,dense
Q-076,3,CH13_T04_08,DOC_CH13,0.6997895836830139,71.02409999998827,dense
Q-076,4,CH13_T04_01,DOC_CH13,0.6747675538063049,71.02409999998827,dense
Q-076,5,CH13_T04_03,DOC_CH13,0.6683989763259888,71.02409999998827,dense
Q-076,6,CH13_T04_06,DOC_CH13,0.6598389148712158,71.02409999998827,dense
Q-076,7,CH13_T04_04,DOC_CH13,0.6522339582443237,71.02409999998827,dense
Q-076,8,CH13_T04_05,DOC_CH13,0.6517737507820129,71.02409999998827,dense
Q-076,9,CH13_T04_09,DOC_CH13,0.6471931338310242,71.02409999998827,dense
Q-076,10,CH13_T04_07,DOC_CH13,0.6438319087028503,71.02409999998827,dense
Q-077,1,CH13_T05_04,DOC_CH13,0.7052545547485352,69.35330000004569,dense
Q-077,2,CH13_T05_07,DOC_CH13,0.7018861770629883,69.35330000004569,dense
Q-077,3,CH13_T05_03,DOC_CH13,0.6980582475662231,69.35330000004569,dense
Q-077,4,CH13_T05_08,DOC_CH13,0.6890168190002441,69.35330000004569,dense
Q-077,5,CH13_T05_09,DOC_CH13,0.6886666417121887,69.35330000004569,dense
Q-077,6,CH13_T05_05,DOC_CH13,0.687969446182251,69.35330000004569,dense
Q-077,7,CH13_T01_07,DOC_CH13,0.6774722933769226,69.35330000004569,dense
Q-077,8,CH13_T05_10,DOC_CH13,0.671502411365509,69.35330000004569,dense
Q-077,9,CH13_T05_01,DOC_CH13,0.6649175882339478,69.35330000004569,dense
Q-077,10,CH13_T05_06,DOC_CH13,0.6606524586677551,69.35330000004569,dense
Q-078,1,CH13_T06_03,DOC_CH13,0.7028836011886597,69.54849999999624,dense
Q-078,2,CH13_T06_04,DOC_CH13,0.6929352283477783,69.54849999999624,dense
Q-078,3,CH13_T06_05,DOC_CH13,0.6909071207046509,69.54849999999624,dense
Q-078,4,CH13_T06_07,DOC_CH13,0.6898859143257141,69.54849999999624,dense
Q-078,5,CH13_T06_09,DOC_CH13,0.6769472360610962,69.54849999999624,dense
Q-078,6,CH13_T03_07,DOC_CH13,0.6756408214569092,69.54849999999624,dense
Q-078,7,CH13_T03_05,DOC_CH13,0.6712710857391357,69.54849999999624,dense
Q-078,8,CH13_T03_04,DOC_CH13,0.667178750038147,69.54849999999624,dense
Q-078,9,CH13_T03_09,DOC_CH13,0.6623021960258484,69.54849999999624,dense
Q-078,10,CH13_T06_08,DOC_CH13,0.661351203918457,69.54849999999624,dense
Q-079,1,CH14_T01_07,DOC_CH14,0.6759355068206787,69.97890000002371,dense
Q-079,2,CH14_T01_03,DOC_CH14,0.6737106442451477,69.97890000002371,dense
Q-079,3,CH14_T01_05,DOC_CH14,0.6735979318618774,69.97890000002371,dense
Q-079,4,CH14_T02_07,DOC_CH14,0.6653058528900146,69.97890000002371,dense
Q-079,5,CH14_T01_04,DOC_CH14,0.6649571061134338,69.97890000002371,dense
Q-079,6,CH04_T01_07,DOC_CH04,0.664954423904419,69.97890000002371,dense
Q-079,7,CH14_T01_09,DOC_CH14,0.6611818671226501,69.97890000002371,dense
Q-079,8,CH04_T01_05,DOC_CH04,0.6602461934089661,69.97890000002371,dense
Q-079,9,CH04_T01_04,DOC_CH04,0.6548089385032654,69.97890000002371,dense
Q-079,10,CH14_T01_08,DOC_CH14,0.6535768508911133,69.97890000002371,dense
Q-080,1,CH14_T02_07,DOC_CH14,0.7330845594406128,70.22009999997181,dense
Q-080,2,CH14_T02_05,DOC_CH14,0.7047284245491028,70.22009999997181,dense
Q-080,3,CH14_T02_09,DOC_CH14,0.7024183869361877,70.22009999997181,dense
Q-080,4,CH14_T02_04,DOC_CH14,0.70062655210495,70.22009999997181,dense
Q-080,5,CH14_T02_08,DOC_CH14,0.6892244219779968,70.22009999997181,dense
Q-080,6,CH14_T02_03,DOC_CH14,0.6889684796333313,70.22009999997181,dense
Q-080,7,CH14_T02_10,DOC_CH14,0.6607285141944885,70.22009999997181,dense
Q-080,8,CH14_T02_06,DOC_CH14,0.6606711149215698,70.22009999997181,dense
Q-080,9,CH14_T02_01,DOC_CH14,0.6423900127410889,70.22009999997181,dense
Q-080,10,CH14_T01_07,DOC_CH14,0.642004668712616,70.22009999997181,dense
Q-081,1,CH14_T03_04,DOC_CH14,0.7327001690864563,70.14199999997572,dense
Q-081,2,CH14_T03_05,DOC_CH14,0.7283334732055664,70.14199999997572,dense
Q-081,3,CH14_T03_03,DOC_CH14,0.7262393236160278,70.14199999997572,dense
Q-081,4,CH14_T03_09,DOC_CH14,0.7250441312789917,70.14199999997572,dense
Q-081,5,CH14_T03_07,DOC_CH14,0.721764087677002,70.14199999997572,dense
Q-081,6,CH14_T03_08,DOC_CH14,0.7129338383674622,70.14199999997572,dense
Q-081,7,CH14_T03_01,DOC_CH14,0.7113809585571289,70.14199999997572,dense
Q-081,8,CH14_T03_10,DOC_CH14,0.7094404697418213,70.14199999997572,dense
Q-081,9,CH14_T03_06,DOC_CH14,0.6921140551567078,70.14199999997572,dense
Q-081,10,CH14_T03_02,DOC_CH14,0.6882898807525635,70.14199999997572,dense
Q-082,1,CH14_T04_04,DOC_CH14,0.7571030855178833,69.19320000002926,dense
Q-082,2,CH14_T04_08,DOC_CH14,0.7458466291427612,69.19320000002926,dense
Q-082,3,CH14_T04_09,DOC_CH14,0.7400059700012207,69.19320000002926,dense
Q-082,4,CH14_T04_03,DOC_CH14,0.7397627830505371,69.19320000002926,dense
Q-082,5,CH14_T04_05,DOC_CH14,0.7389037013053894,69.19320000002926,dense
Q-082,6,CH14_T04_07,DOC_CH14,0.738599419593811,69.19320000002926,dense
Q-082,7,CH14_T04_01,DOC_CH14,0.7288489937782288,69.19320000002926,dense
Q-082,8,CH14_T04_10,DOC_CH14,0.7189720273017883,69.19320000002926,dense
Q-082,9,CH14_T04_06,DOC_CH14,0.7151010632514954,69.19320000002926,dense
Q-082,10,CH14_T04_02,DOC_CH14,0.7063071727752686,69.19320000002926,dense
Q-083,1,CH14_T05_07,DOC_CH14,0.7327942848205566,69.22759999997652,dense
Q-083,2,CH14_T05_04,DOC_CH14,0.7274591326713562,69.22759999997652,dense
Q-083,3,CH14_T05_09,DOC_CH14,0.7237033247947693,69.22759999997652,dense
Q-083,4,CH14_T05_03,DOC_CH14,0.713668167591095,69.22759999997652,dense
Q-083,5,CH16_T05_04,DOC_CH16,0.7032861113548279,69.22759999997652,dense
Q-083,6,CH16_T05_09,DOC_CH16,0.6990422606468201,69.22759999997652,dense
Q-083,7,CH16_T05_07,DOC_CH16,0.6987115144729614,69.22759999997652,dense
Q-083,8,CH16_T05_03,DOC_CH16,0.6982559561729431,69.22759999997652,dense
Q-083,9,CH14_T05_05,DOC_CH14,0.6953745484352112,69.22759999997652,dense
Q-083,10,CH16_T05_05,DOC_CH16,0.6901811957359314,69.22759999997652,dense
Q-084,1,CH14_T06_05,DOC_CH14,0.6781623363494873,68.87689999996383,dense
Q-084,2,CH14_T06_07,DOC_CH14,0.6652815341949463,68.87689999996383,dense
Q-084,3,CH14_T06_04,DOC_CH14,0.6605896949768066,68.87689999996383,dense
Q-084,4,CH14_T06_03,DOC_CH14,0.657879650592804,68.87689999996383,dense
Q-084,5,CH14_T06_08,DOC_CH14,0.6516233086585999,68.87689999996383,dense
Q-084,6,CH14_T06_09,DOC_CH14,0.6493825316429138,68.87689999996383,dense
Q-084,7,CH14_T06_02,DOC_CH14,0.6405216455459595,68.87689999996383,dense
Q-084,8,CH14_T06_10,DOC_CH14,0.6243855357170105,68.87689999996383,dense
Q-084,9,CH14_T06_06,DOC_CH14,0.6234012246131897,68.87689999996383,dense
Q-084,10,CH04_T03_04,DOC_CH04,0.6088541150093079,68.87689999996383,dense
Q-085,1,CH15_T01_07,DOC_CH15,0.7478616833686829,69.7423000000299,dense
Q-085,2,CH15_T01_04,DOC_CH15,0.7449523210525513,69.7423000000299,dense
Q-085,3,CH15_T01_09,DOC_CH15,0.7373088002204895,69.7423000000299,dense
Q-085,4,CH15_T01_05,DOC_CH15,0.7222158312797546,69.7423000000299,dense
Q-085,5,CH15_T01_03,DOC_CH15,0.7183746099472046,69.7423000000299,dense
Q-085,6,CH15_T01_08,DOC_CH15,0.7166438698768616,69.7423000000299,dense
Q-085,7,CH15_T01_10,DOC_CH15,0.7161228656768799,69.7423000000299,dense
Q-085,8,CH15_T01_01,DOC_CH15,0.711162269115448,69.7423000000299,dense
Q-085,9,CH15_T01_06,DOC_CH15,0.689635157585144,69.7423000000299,dense
Q-085,10,CH15_T01_02,DOC_CH15,0.6762224435806274,69.7423000000299,dense
Q-086,1,CH15_T02_04,DOC_CH15,0.7381461262702942,70.4307999999969,dense
Q-086,2,CH15_T02_07,DOC_CH15,0.7314776182174683,70.4307999999969,dense
Q-086,3,CH15_T02_09,DOC_CH15,0.7202572226524353,70.4307999999969,dense
Q-086,4,CH15_T02_03,DOC_CH15,0.7164736986160278,70.4307999999969,dense
Q-086,5,CH15_T02_05,DOC_CH15,0.7163596153259277,70.4307999999969,dense
Q-086,6,CH15_T02_08,DOC_CH15,0.7108599543571472,70.4307999999969,dense
Q-086,7,CH15_T02_10,DOC_CH15,0.697130024433136,70.4307999999969,dense
Q-086,8,CH15_T02_01,DOC_CH15,0.6916396617889404,70.4307999999969,dense
Q-086,9,CH15_T02_06,DOC_CH15,0.68510502576828,70.4307999999969,dense
Q-086,10,CH15_T02_02,DOC_CH15,0.6644150614738464,70.4307999999969,dense
Q-087,1,CH15_T03_05,DOC_CH15,0.7054978013038635,69.4728000000282,dense
Q-087,2,CH15_T03_08,DOC_CH15,0.6845754384994507,69.4728000000282,dense
Q-087,3,CH15_T03_07,DOC_CH15,0.6827446818351746,69.4728000000282,dense
Q-087,4,CH15_T03_04,DOC_CH15,0.6749740242958069,69.4728000000282,dense
Q-087,5,CH15_T03_09,DOC_CH15,0.6658821702003479,69.4728000000282,dense
Q-087,6,CH15_T03_10,DOC_CH15,0.6602826118469238,69.4728000000282,dense
Q-087,7,CH15_T03_03,DOC_CH15,0.6589120030403137,69.4728000000282,dense
Q-087,8,CH15_T03_02,DOC_CH15,0.6423928737640381,69.4728000000282,dense
Q-087,9,CH15_T03_01,DOC_CH15,0.6323443651199341,69.4728000000282,dense
Q-087,10,CH15_T03_06,DOC_CH15,0.631246030330658,69.4728000000282,dense
Q-088,1,CH15_T04_07,DOC_CH15,0.7279630899429321,74.4717000000037,dense
Q-088,2,CH15_T04_03,DOC_CH15,0.7258707284927368,74.4717000000037,dense
Q-088,3,CH15_T04_04,DOC_CH15,0.7219430208206177,74.4717000000037,dense
Q-088,4,CH15_T04_09,DOC_CH15,0.712517261505127,74.4717000000037,dense
Q-088,5,CH15_T04_05,DOC_CH15,0.7040349841117859,74.4717000000037,dense
Q-088,6,CH15_T04_08,DOC_CH15,0.7027280926704407,74.4717000000037,dense
Q-088,7,CH15_T04_10,DOC_CH15,0.6881119012832642,74.4717000000037,dense
Q-088,8,CH15_T04_01,DOC_CH15,0.6835693717002869,74.4717000000037,dense
Q-088,9,CH15_T04_06,DOC_CH15,0.6811217069625854,74.4717000000037,dense
Q-088,10,CH15_T04_02,DOC_CH15,0.6749538779258728,74.4717000000037,dense
Q-089,1,CH15_T05_04,DOC_CH15,0.7244088649749756,70.40519999998196,dense
Q-089,2,CH15_T05_07,DOC_CH15,0.7154840230941772,70.40519999998196,dense
Q-089,3,CH15_T05_09,DOC_CH15,0.7037018537521362,70.40519999998196,dense
Q-089,4,CH15_T05_03,DOC_CH15,0.69190913438797,70.40519999998196,dense
Q-089,5,CH15_T05_05,DOC_CH15,0.6901674866676331,70.40519999998196,dense
Q-089,6,CH15_T05_08,DOC_CH15,0.6802123785018921,70.40519999998196,dense
Q-089,7,CH15_T05_10,DOC_CH15,0.6767853498458862,70.40519999998196,dense
Q-089,8,CH15_T05_06,DOC_CH15,0.6698244214057922,70.40519999998196,dense
Q-089,9,CH15_T05_02,DOC_CH15,0.6530450582504272,70.40519999998196,dense
Q-089,10,CH15_T05_01,DOC_CH15,0.6467321515083313,70.40519999998196,dense
Q-090,1,CH15_T06_07,DOC_CH15,0.754359245300293,69.95610000001307,dense
Q-090,2,CH15_T06_03,DOC_CH15,0.7507731318473816,69.95610000001307,dense
Q-090,3,CH15_T06_04,DOC_CH15,0.7502343654632568,69.95610000001307,dense
Q-090,4,CH15_T06_05,DOC_CH15,0.7428120970726013,69.95610000001307,dense
Q-090,5,CH15_T06_08,DOC_CH15,0.741456151008606,69.95610000001307,dense
Q-090,6,CH15_T06_09,DOC_CH15,0.7399224638938904,69.95610000001307,dense
Q-090,7,CH15_T06_10,DOC_CH15,0.7232394814491272,69.95610000001307,dense
Q-090,8,CH15_T06_01,DOC_CH15,0.7198321223258972,69.95610000001307,dense
Q-090,9,CH15_T06_06,DOC_CH15,0.7087183594703674,69.95610000001307,dense
Q-090,10,CH15_T06_02,DOC_CH15,0.6864798665046692,69.95610000001307,dense
Q-091,1,CH16_T01_04,DOC_CH16,0.7263792157173157,70.54679999998825,dense
Q-091,2,CH16_T01_07,DOC_CH16,0.7197551131248474,70.54679999998825,dense
Q-091,3,CH16_T01_03,DOC_CH16,0.7150774002075195,70.54679999998825,dense
Q-091,4,CH16_T01_10,DOC_CH16,0.7126805782318115,70.54679999998825,dense
Q-091,5,CH16_T01_09,DOC_CH16,0.7094688415527344,70.54679999998825,dense
Q-091,6,CH16_T01_08,DOC_CH16,0.7049888968467712,70.54679999998825,dense
Q-091,7,CH16_T01_06,DOC_CH16,0.7038639187812805,70.54679999998825,dense
Q-091,8,CH16_T01_05,DOC_CH16,0.6995717287063599,70.54679999998825,dense
Q-091,9,CH16_T01_01,DOC_CH16,0.6986175179481506,70.54679999998825,dense
Q-091,10,CH16_T01_02,DOC_CH16,0.6654284596443176,70.54679999998825,dense
Q-092,1,CH16_T02_04,DOC_CH16,0.7238552570343018,72.92879999999968,dense
Q-092,2,CH16_T02_03,DOC_CH16,0.7183668613433838,72.92879999999968,dense
Q-092,3,CH16_T02_09,DOC_CH16,0.7121973037719727,72.92879999999968,dense
Q-092,4,CH16_T02_07,DOC_CH16,0.71062171459198,72.92879999999968,dense
Q-092,5,CH16_T02_10,DOC_CH16,0.7062237858772278,72.92879999999968,dense
Q-092,6,CH16_T02_08,DOC_CH16,0.702806293964386,72.92879999999968,dense
Q-092,7,CH16_T02_06,DOC_CH16,0.6989506483078003,72.92879999999968,dense
Q-092,8,CH16_T02_05,DOC_CH16,0.6962149143218994,72.92879999999968,dense
Q-092,9,CH16_T02_02,DOC_CH16,0.6726396083831787,72.92879999999968,dense
Q-092,10,CH16_T02_01,DOC_CH16,0.6445019841194153,72.92879999999968,dense
Q-093,1,CH16_T03_03,DOC_CH16,0.7462760806083679,68.96790000001829,dense
Q-093,2,CH16_T03_04,DOC_CH16,0.7456762790679932,68.96790000001829,dense
Q-093,3,CH16_T03_07,DOC_CH16,0.7423020601272583,68.96790000001829,dense
Q-093,4,CH16_T03_09,DOC_CH16,0.7408642172813416,68.96790000001829,dense
Q-093,5,CH16_T03_08,DOC_CH16,0.7362845540046692,68.96790000001829,dense
Q-093,6,CH16_T03_05,DOC_CH16,0.7266931533813477,68.96790000001829,dense
Q-093,7,CH16_T03_10,DOC_CH16,0.7185484766960144,68.96790000001829,dense
Q-093,8,CH16_T03_06,DOC_CH16,0.713394820690155,68.96790000001829,dense
Q-093,9,CH16_T03_02,DOC_CH16,0.7020968198776245,68.96790000001829,dense
Q-093,10,CH16_T03_01,DOC_CH16,0.6897404789924622,68.96790000001829,dense
Q-094,1,CH16_T04_04,DOC_CH16,0.7416858673095703,70.09829999998374,dense
Q-094,2,CH16_T04_03,DOC_CH16,0.7371501326560974,70.09829999998374,dense
Q-094,3,CH16_T04_07,DOC_CH16,0.7356234192848206,70.09829999998374,dense
Q-094,4,CH16_T04_05,DOC_CH16,0.7340993285179138,70.09829999998374,dense
Q-094,5,CH16_T04_09,DOC_CH16,0.7263634204864502,70.09829999998374,dense
Q-094,6,CH16_T04_10,DOC_CH16,0.7239087820053101,70.09829999998374,dense
Q-094,7,CH16_T04_01,DOC_CH16,0.721548318862915,70.09829999998374,dense
Q-094,8,CH16_T04_08,DOC_CH16,0.7184219360351562,70.09829999998374,dense
Q-094,9,CH16_T04_06,DOC_CH16,0.7025517225265503,70.09829999998374,dense
Q-094,10,CH16_T04_02,DOC_CH16,0.6921521425247192,70.09829999998374,dense
Q-095,1,CH14_T05_07,DOC_CH14,0.7398859262466431,69.94550000001709,dense
Q-095,2,CH16_T05_07,DOC_CH16,0.7176685333251953,69.94550000001709,dense
Q-095,3,CH16_T05_03,DOC_CH16,0.715945839881897,69.94550000001709,dense
Q-095,4,CH16_T05_04,DOC_CH16,0.7158223986625671,69.94550000001709,dense
Q-095,5,CH16_T05_09,DOC_CH16,0.714909553527832,69.94550000001709,dense
Q-095,6,CH14_T05_03,DOC_CH14,0.7140839099884033,69.94550000001709,dense
Q-095,7,CH14_T05_09,DOC_CH14,0.7114366292953491,69.94550000001709,dense
Q-095,8,CH14_T05_04,DOC_CH14,0.7111895084381104,69.94550000001709,dense
Q-095,9,CH14_T05_05,DOC_CH14,0.7071882486343384,69.94550000001709,dense
Q-095,10,CH16_T05_05,DOC_CH16,0.7065942883491516,69.94550000001709,dense
Q-096,1,CH16_T06_07,DOC_CH16,0.7223053574562073,70.52910000004431,dense
Q-096,2,CH16_T06_03,DOC_CH16,0.7135469913482666,70.52910000004431,dense
Q-096,3,CH16_T06_05,DOC_CH16,0.7042537331581116,70.52910000004431,dense
Q-096,4,CH16_T06_04,DOC_CH16,0.7035618424415588,70.52910000004431,dense
Q-096,5,CH16_T06_09,DOC_CH16,0.7032192349433899,70.52910000004431,dense
Q-096,6,CH16_T06_10,DOC_CH16,0.6839731931686401,70.52910000004431,dense
Q-096,7,CH16_T06_08,DOC_CH16,0.6799881458282471,70.52910000004431,dense
Q-096,8,CH16_T06_06,DOC_CH16,0.6750079393386841,70.52910000004431,dense
Q-096,9,CH16_T06_02,DOC_CH16,0.6527777314186096,70.52910000004431,dense
Q-096,10,CH14_T04_09,DOC_CH14,0.6442967653274536,70.52910000004431,dense
Q-097,1,CH01_T01_07,DOC_CH01,0.7245689630508423,73.97269999995615,dense
Q-097,2,CH01_T01_08,DOC_CH01,0.7232892513275146,73.97269999995615,dense
Q-097,3,CH01_T01_03,DOC_CH01,0.7225740551948547,73.97269999995615,dense
Q-097,4,CH01_T01_04,DOC_CH01,0.7158784866333008,73.97269999995615,dense
Q-097,5,CH01_T01_10,DOC_CH01,0.7143589854240417,73.97269999995615,dense
Q-097,6,CH01_T01_05,DOC_CH01,0.7136642932891846,73.97269999995615,dense
Q-097,7,CH01_T01_01,DOC_CH01,0.710603654384613,73.97269999995615,dense
Q-097,8,CH01_T01_09,DOC_CH01,0.7085177302360535,73.97269999995615,dense
Q-097,9,CH01_T01_06,DOC_CH01,0.6985759139060974,73.97269999995615,dense
Q-097,10,CH01_T01_02,DOC_CH01,0.6832922101020813,73.97269999995615,dense
Q-098,1,CH01_T02_04,DOC_CH01,0.7269461750984192,71.47979999996323,dense
Q-098,2,CH01_T02_09,DOC_CH01,0.7236051559448242,71.47979999996323,dense
Q-098,3,CH01_T02_07,DOC_CH01,0.7225847244262695,71.47979999996323,dense
Q-098,4,CH01_T02_03,DOC_CH01,0.7198187708854675,71.47979999996323,dense
Q-098,5,CH01_T02_05,DOC_CH01,0.7193344831466675,71.47979999996323,dense
Q-098,6,CH01_T02_08,DOC_CH01,0.7063312530517578,71.47979999996323,dense
Q-098,7,CH01_T02_01,DOC_CH01,0.7015761733055115,71.47979999996323,dense
Q-098,8,CH01_T02_10,DOC_CH01,0.701074481010437,71.47979999996323,dense
Q-098,9,CH01_T02_06,DOC_CH01,0.7003466486930847,71.47979999996323,dense
Q-098,10,CH01_T02_02,DOC_CH01,0.6740226149559021,71.47979999996323,dense
Q-099,1,CH01_T03_07,DOC_CH01,0.7275778651237488,70.17129999996996,dense
Q-099,2,CH01_T03_04,DOC_CH01,0.7226952314376831,70.17129999996996,dense
Q-099,3,CH01_T03_05,DOC_CH01,0.7178351283073425,70.17129999996996,dense
Q-099,4,CH01_T03_09,DOC_CH01,0.7084660530090332,70.17129999996996,dense
Q-099,5,CH01_T03_03,DOC_CH01,0.7083452343940735,70.17129999996996,dense
Q-099,6,CH01_T03_10,DOC_CH01,0.6976994872093201,70.17129999996996,dense
Q-099,7,CH01_T03_08,DOC_CH01,0.6975217461585999,70.17129999996996,dense
Q-099,8,CH01_T03_01,DOC_CH01,0.6863060593605042,70.17129999996996,dense
Q-099,9,CH01_T03_06,DOC_CH01,0.6842847466468811,70.17129999996996,dense
Q-099,10,CH01_T02_05,DOC_CH01,0.6717453598976135,70.17129999996996,dense
Q-100,1,CH01_T04_07,DOC_CH01,0.7041392922401428,70.43540000006487,dense
Q-100,2,CH01_T04_04,DOC_CH01,0.701593816280365,70.43540000006487,dense
Q-100,3,CH01_T04_03,DOC_CH01,0.7012196779251099,70.43540000006487,dense
Q-100,4,CH01_T04_05,DOC_CH01,0.6979594230651855,70.43540000006487,dense
Q-100,5,CH01_T04_09,DOC_CH01,0.6968199610710144,70.43540000006487,dense
Q-100,6,CH01_T04_10,DOC_CH01,0.6801164150238037,70.43540000006487,dense
Q-100,7,CH01_T04_06,DOC_CH01,0.6751126646995544,70.43540000006487,dense
Q-100,8,CH01_T04_08,DOC_CH01,0.6750134229660034,70.43540000006487,dense
Q-100,9,CH01_T04_01,DOC_CH01,0.6721001267433167,70.43540000006487,dense
Q-100,10,CH01_T04_02,DOC_CH01,0.6583424806594849,70.43540000006487,dense
Q-101,1,CH01_T05_07,DOC_CH01,0.6997453570365906,69.22350000002098,dense
Q-101,2,CH01_T05_03,DOC_CH01,0.6989511251449585,69.22350000002098,dense
Q-101,3,CH01_T05_04,DOC_CH01,0.6875768303871155,69.22350000002098,dense
Q-101,4,CH01_T05_08,DOC_CH01,0.6799982190132141,69.22350000002098,dense
Q-101,5,CH01_T05_09,DOC_CH01,0.6742368936538696,69.22350000002098,dense
Q-101,6,CH01_T05_05,DOC_CH01,0.6699117422103882,69.22350000002098,dense
Q-101,7,CH01_T05_10,DOC_CH01,0.6539095044136047,69.22350000002098,dense
Q-101,8,CH01_T05_06,DOC_CH01,0.6494625210762024,69.22350000002098,dense
Q-101,9,CH04_T03_04,DOC_CH04,0.6445342898368835,69.22350000002098,dense
Q-101,10,CH01_T05_01,DOC_CH01,0.6432846784591675,69.22350000002098,dense
Q-102,1,CH01_T06_07,DOC_CH01,0.7709587812423706,70.96609999996417,dense
Q-102,2,CH01_T06_05,DOC_CH01,0.7677678465843201,70.96609999996417,dense
Q-102,3,CH01_T06_04,DOC_CH01,0.7611247301101685,70.96609999996417,dense
Q-102,4,CH01_T06_09,DOC_CH01,0.7588661909103394,70.96609999996417,dense
Q-102,5,CH01_T06_03,DOC_CH01,0.7539553642272949,70.96609999996417,dense
Q-102,6,CH01_T06_08,DOC_CH01,0.7501031160354614,70.96609999996417,dense
Q-102,7,CH01_T06_10,DOC_CH01,0.727536678314209,70.96609999996417,dense
Q-102,8,CH01_T06_06,DOC_CH01,0.7247999906539917,70.96609999996417,dense
Q-102,9,CH01_T06_01,DOC_CH01,0.7228801846504211,70.96609999996417,dense
Q-102,10,CH01_T06_02,DOC_CH01,0.7131248116493225,70.96609999996417,dense
Q-103,1,CH02_T01_04,DOC_CH02,0.6968531608581543,69.87950000007004,dense
Q-103,2,CH02_T01_03,DOC_CH02,0.6893501877784729,69.87950000007004,dense
Q-103,3,CH02_T01_09,DOC_CH02,0.6888319253921509,69.87950000007004,dense
Q-103,4,CH02_T01_05,DOC_CH02,0.6839986443519592,69.87950000007004,dense
Q-103,5,CH02_T01_07,DOC_CH02,0.6777215003967285,69.87950000007004,dense
Q-103,6,CH02_T01_08,DOC_CH02,0.6749544739723206,69.87950000007004,dense
Q-103,7,CH02_T01_10,DOC_CH02,0.6704996228218079,69.87950000007004,dense
Q-103,8,CH02_T02_04,DOC_CH02,0.6493105888366699,69.87950000007004,dense
Q-103,9,CH10_T03_07,DOC_CH10,0.6489350199699402,69.87950000007004,dense
Q-103,10,CH02_T01_01,DOC_CH02,0.6471074819564819,69.87950000007004,dense
Q-104,1,CH02_T02_07,DOC_CH02,0.7135438323020935,69.47940000009112,dense
Q-104,2,CH02_T02_04,DOC_CH02,0.7133452296257019,69.47940000009112,dense
Q-104,3,CH02_T02_09,DOC_CH02,0.707098126411438,69.47940000009112,dense
Q-104,4,CH02_T02_03,DOC_CH02,0.7031514048576355,69.47940000009112,dense
Q-104,5,CH02_T02_08,DOC_CH02,0.6950786113739014,69.47940000009112,dense
Q-104,6,CH02_T02_10,DOC_CH02,0.6869164705276489,69.47940000009112,dense
Q-104,7,CH02_T02_05,DOC_CH02,0.6843745112419128,69.47940000009112,dense
Q-104,8,CH02_T02_01,DOC_CH02,0.6726112961769104,69.47940000009112,dense
Q-104,9,CH15_T01_07,DOC_CH15,0.666850209236145,69.47940000009112,dense
Q-104,10,CH02_T02_06,DOC_CH02,0.6607154607772827,69.47940000009112,dense
Q-105,1,CH02_T03_04,DOC_CH02,0.7269768118858337,70.49380000000838,dense
Q-105,2,CH02_T03_03,DOC_CH02,0.7257360219955444,70.49380000000838,dense
Q-105,3,CH02_T03_07,DOC_CH02,0.723803699016571,70.49380000000838,dense
Q-105,4,CH02_T03_09,DOC_CH02,0.708978533744812,70.49380000000838,dense
Q-105,5,CH02_T03_05,DOC_CH02,0.7021821141242981,70.49380000000838,dense
Q-105,6,CH02_T03_08,DOC_CH02,0.6933149099349976,70.49380000000838,dense
Q-105,7,CH02_T03_10,DOC_CH02,0.6933143138885498,70.49380000000838,dense
Q-105,8,CH02_T03_01,DOC_CH02,0.6879344582557678,70.49380000000838,dense
Q-105,9,CH02_T03_06,DOC_CH02,0.6715126633644104,70.49380000000838,dense
Q-105,10,CH02_T03_02,DOC_CH02,0.6562274694442749,70.49380000000838,dense
Q-106,1,CH02_T04_07,DOC_CH02,0.7088863253593445,71.53499999992619,dense
Q-106,2,CH02_T04_04,DOC_CH02,0.7077232599258423,71.53499999992619,dense
Q-106,3,CH02_T04_03,DOC_CH02,0.6997917890548706,71.53499999992619,dense
Q-106,4,CH02_T04_09,DOC_CH02,0.6962460875511169,71.53499999992619,dense
Q-106,5,CH02_T04_05,DOC_CH02,0.681743323802948,71.53499999992619,dense
Q-106,6,CH02_T04_08,DOC_CH02,0.670653760433197,71.53499999992619,dense
Q-106,7,CH02_T03_07,DOC_CH02,0.6687840819358826,71.53499999992619,dense
Q-106,8,CH02_T04_10,DOC_CH02,0.6648579239845276,71.53499999992619,dense
Q-106,9,CH02_T03_04,DOC_CH02,0.6596171855926514,71.53499999992619,dense
Q-106,10,CH02_T04_01,DOC_CH02,0.6590707302093506,71.53499999992619,dense
Q-107,1,CH02_T05_03,DOC_CH02,0.7149624228477478,79.37629999992168,dense
Q-107,2,CH02_T05_09,DOC_CH02,0.7077881097793579,79.37629999992168,dense
Q-107,3,CH02_T05_07,DOC_CH02,0.704416811466217,79.37629999992168,dense
Q-107,4,CH02_T05_04,DOC_CH02,0.7012009024620056,79.37629999992168,dense
Q-107,5,CH02_T05_05,DOC_CH02,0.6844453811645508,79.37629999992168,dense
Q-107,6,CH02_T05_08,DOC_CH02,0.6744316816329956,79.37629999992168,dense
Q-107,7,CH02_T03_07,DOC_CH02,0.6708980202674866,79.37629999992168,dense
Q-107,8,CH02_T05_10,DOC_CH02,0.669497013092041,79.37629999992168,dense
Q-107,9,CH02_T05_01,DOC_CH02,0.6646674871444702,79.37629999992168,dense
Q-107,10,CH02_T03_04,DOC_CH02,0.6563990712165833,79.37629999992168,dense
Q-108,1,CH02_T06_07,DOC_CH02,0.7253512144088745,71.799599999963,dense
Q-108,2,CH02_T06_04,DOC_CH02,0.7176946401596069,71.799599999963,dense
Q-108,3,CH02_T06_03,DOC_CH02,0.7117279767990112,71.799599999963,dense
Q-108,4,CH02_T06_09,DOC_CH02,0.7062044143676758,71.799599999963,dense
Q-108,5,CH02_T06_05,DOC_CH02,0.6909551024436951,71.799599999963,dense
Q-108,6,CH02_T06_08,DOC_CH02,0.6818522214889526,71.799599999963,dense
Q-108,7,CH02_T06_01,DOC_CH02,0.6747621297836304,71.799599999963,dense
Q-108,8,CH02_T06_10,DOC_CH02,0.6712256073951721,71.799599999963,dense
Q-108,9,CH02_T06_06,DOC_CH02,0.658062219619751,71.799599999963,dense
Q-108,10,CH02_T06_02,DOC_CH02,0.6577774286270142,71.799599999963,dense
Q-109,1,CH03_T01_04,DOC_CH03,0.7324241399765015,68.27680000003511,dense
Q-109,2,CH03_T01_09,DOC_CH03,0.7229961156845093,68.27680000003511,dense
Q-109,3,CH03_T01_03,DOC_CH03,0.7210083603858948,68.27680000003511,dense
Q-109,4,CH03_T01_05,DOC_CH03,0.7206053137779236,68.27680000003511,dense
Q-109,5,CH03_T01_07,DOC_CH03,0.7187592387199402,68.27680000003511,dense
Q-109,6,CH03_T01_08,DOC_CH03,0.7118660807609558,68.27680000003511,dense
Q-109,7,CH03_T01_10,DOC_CH03,0.6842981576919556,68.27680000003511,dense
Q-109,8,CH03_T01_01,DOC_CH03,0.6840591430664062,68.27680000003511,dense
Q-109,9,CH03_T01_06,DOC_CH03,0.6792689561843872,68.27680000003511,dense
Q-109,10,CH11_T05_07,DOC_CH11,0.6778008341789246,68.27680000003511,dense
Q-110,1,CH03_T02_04,DOC_CH03,0.7306511998176575,69.7743000000628,dense
Q-110,2,CH03_T02_07,DOC_CH03,0.7304311394691467,69.7743000000628,dense
Q-110,3,CH03_T02_09,DOC_CH03,0.7204636931419373,69.7743000000628,dense
Q-110,4,CH03_T02_05,DOC_CH03,0.7193915843963623,69.7743000000628,dense
Q-110,5,CH03_T02_03,DOC_CH03,0.7091063857078552,69.7743000000628,dense
Q-110,6,CH03_T02_08,DOC_CH03,0.7077785730361938,69.7743000000628,dense
Q-110,7,CH03_T02_10,DOC_CH03,0.6813749074935913,69.7743000000628,dense
Q-110,8,CH03_T06_07,DOC_CH03,0.680144190788269,69.7743000000628,dense
Q-110,9,CH03_T02_01,DOC_CH03,0.6783663034439087,69.7743000000628,dense
Q-110,10,CH03_T02_06,DOC_CH03,0.6727603077888489,69.7743000000628,dense
Q-111,1,CH03_T03_07,DOC_CH03,0.7279847264289856,69.95419999998376,dense
Q-111,2,CH03_T03_04,DOC_CH03,0.7262799143791199,69.95419999998376,dense
Q-111,3,CH03_T03_03,DOC_CH03,0.7224487066268921,69.95419999998376,dense
Q-111,4,CH03_T03_05,DOC_CH03,0.7171944975852966,69.95419999998376,dense
Q-111,5,CH03_T03_09,DOC_CH03,0.7130945920944214,69.95419999998376,dense
Q-111,6,CH03_T03_08,DOC_CH03,0.711333692073822,69.95419999998376,dense
Q-111,7,CH03_T03_01,DOC_CH03,0.6955676674842834,69.95419999998376,dense
Q-111,8,CH03_T03_10,DOC_CH03,0.6816957592964172,69.95419999998376,dense
Q-111,9,CH03_T03_06,DOC_CH03,0.677901566028595,69.95419999998376,dense
Q-111,10,CH03_T02_07,DOC_CH03,0.664976954460144,69.95419999998376,dense
Q-112,1,CH03_T04_04,DOC_CH03,0.7462533116340637,69.07760000001417,dense
Q-112,2,CH03_T04_07,DOC_CH03,0.7432353496551514,69.07760000001417,dense
Q-112,3,CH03_T04_09,DOC_CH03,0.7363839149475098,69.07760000001417,dense
Q-112,4,CH03_T04_05,DOC_CH03,0.7324636578559875,69.07760000001417,dense
Q-112,5,CH03_T04_08,DOC_CH03,0.7250841856002808,69.07760000001417,dense
Q-112,6,CH03_T04_03,DOC_CH03,0.7175332903862,69.07760000001417,dense
Q-112,7,CH03_T04_10,DOC_CH03,0.7042482495307922,69.07760000001417,dense
Q-112,8,CH03_T04_06,DOC_CH03,0.6919022798538208,69.07760000001417,dense
Q-112,9,CH03_T04_01,DOC_CH03,0.6915440559387207,69.07760000001417,dense
Q-112,10,CH03_T04_02,DOC_CH03,0.6837867498397827,69.07760000001417,dense
Q-113,1,CH03_T05_05,DOC_CH03,0.7089516520500183,68.67570000008527,dense
Q-113,2,CH03_T05_09,DOC_CH03,0.7081617116928101,68.67570000008527,dense
Q-113,3,CH03_T05_07,DOC_CH03,0.7079752087593079,68.67570000008527,dense
Q-113,4,CH03_T05_10,DOC_CH03,0.7076671123504639,68.67570000008527,dense
Q-113,5,CH03_T05_08,DOC_CH03,0.7075983881950378,68.67570000008527,dense
Q-113,6,CH03_T05_04,DOC_CH03,0.7073268890380859,68.67570000008527,dense
Q-113,7,CH03_T05_01,DOC_CH03,0.7001314163208008,68.67570000008527,dense
Q-113,8,CH03_T05_03,DOC_CH03,0.6953908801078796,68.67570000008527,dense
Q-113,9,CH03_T05_06,DOC_CH03,0.684742271900177,68.67570000008527,dense
Q-113,10,CH03_T02_04,DOC_CH03,0.679003119468689,68.67570000008527,dense
Q-114,1,CH03_T06_06,DOC_CH03,0.7073163986206055,73.304099999973,dense
Q-114,2,CH03_T06_10,DOC_CH03,0.650467038154602,73.304099999973,dense
Q-114,3,CH03_T06_08,DOC_CH03,0.6402580142021179,73.304099999973,dense
Q-114,4,CH03_T06_05,DOC_CH03,0.633130669593811,73.304099999973,dense
Q-114,5,CH03_T06_01,DOC_CH03,0.6298879384994507,73.304099999973,dense
Q-114,6,CH03_T02_06,DOC_CH03,0.6277844905853271,73.304099999973,dense
Q-114,7,CH03_T06_07,DOC_CH03,0.620746910572052,73.304099999973,dense
Q-114,8,CH03_T06_04,DOC_CH03,0.6165161728858948,73.304099999973,dense
Q-114,9,CH04_T03_06,DOC_CH04,0.6101083159446716,73.304099999973,dense
Q-114,10,CH03_T05_06,DOC_CH03,0.6080637574195862,73.304099999973,dense
Q-115,1,CH04_T01_06,DOC_CH04,0.7042511701583862,71.52299999995648,dense
Q-115,2,CH05_T02_06,DOC_CH05,0.6798909306526184,71.52299999995648,dense
Q-115,3,CH04_T02_06,DOC_CH04,0.6576942801475525,71.52299999995648,dense
Q-115,4,CH04_T01_05,DOC_CH04,0.6468376517295837,71.52299999995648,dense
Q-115,5,CH04_T05_06,DOC_CH04,0.6462059617042542,71.52299999995648,dense
Q-115,6,CH05_T01_06,DOC_CH05,0.644538402557373,71.52299999995648,dense
Q-115,7,CH04_T03_06,DOC_CH04,0.6444059014320374,71.52299999995648,dense
Q-115,8,CH04_T04_06,DOC_CH04,0.6356257200241089,71.52299999995648,dense
Q-115,9,CH05_T04_06,DOC_CH05,0.6356003284454346,71.52299999995648,dense
Q-115,10,CH04_T01_08,DOC_CH04,0.6227744221687317,71.52299999995648,dense
Q-116,1,CH04_T02_06,DOC_CH04,0.7228814959526062,71.5099999999893,dense
Q-116,2,CH05_T01_06,DOC_CH05,0.6992496252059937,71.5099999999893,dense
Q-116,3,CH04_T03_06,DOC_CH04,0.6849583387374878,71.5099999999893,dense
Q-116,4,CH04_T05_06,DOC_CH04,0.6830943822860718,71.5099999999893,dense
Q-116,5,CH05_T02_06,DOC_CH05,0.6788230538368225,71.5099999999893,dense
Q-116,6,CH04_T02_10,DOC_CH04,0.6774247884750366,71.5099999999893,dense
Q-116,7,CH04_T02_05,DOC_CH04,0.6772317290306091,71.5099999999893,dense
Q-116,8,CH04_T04_06,DOC_CH04,0.6730045676231384,71.5099999999893,dense
Q-116,9,CH05_T04_06,DOC_CH05,0.6697301268577576,71.5099999999893,dense
Q-116,10,CH04_T02_08,DOC_CH04,0.6644691824913025,71.5099999999893,dense
Q-117,1,CH04_T03_06,DOC_CH04,0.7237573862075806,74.60700000001452,dense
Q-117,2,CH04_T03_05,DOC_CH04,0.6852284073829651,74.60700000001452,dense
Q-117,3,CH04_T03_10,DOC_CH04,0.6763797998428345,74.60700000001452,dense
Q-117,4,CH04_T05_06,DOC_CH04,0.6730013489723206,74.60700000001452,dense
Q-117,5,CH04_T03_08,DOC_CH04,0.6641397476196289,74.60700000001452,dense
Q-117,6,CH04_T04_06,DOC_CH04,0.6638756990432739,74.60700000001452,dense
Q-117,7,CH04_T03_01,DOC_CH04,0.6615762114524841,74.60700000001452,dense
Q-117,8,CH04_T03_04,DOC_CH04,0.6555441617965698,74.60700000001452,dense
Q-117,9,CH04_T03_09,DOC_CH04,0.6428598761558533,74.60700000001452,dense
Q-117,10,CH04_T05_05,DOC_CH04,0.6361186504364014,74.60700000001452,dense
Q-118,1,CH04_T04_06,DOC_CH04,0.7350963950157166,73.4096999999565,dense
Q-118,2,CH04_T04_05,DOC_CH04,0.7009215354919434,73.4096999999565,dense
Q-118,3,CH04_T03_06,DOC_CH04,0.6973993182182312,73.4096999999565,dense
Q-118,4,CH04_T05_06,DOC_CH04,0.6922476291656494,73.4096999999565,dense
Q-118,5,CH04_T04_10,DOC_CH04,0.6901056170463562,73.4096999999565,dense
Q-118,6,CH04_T04_04,DOC_CH04,0.6878079175949097,73.4096999999565,dense
Q-118,7,CH04_T04_01,DOC_CH04,0.6788629293441772,73.4096999999565,dense
Q-118,8,CH04_T04_08,DOC_CH04,0.6725587248802185,73.4096999999565,dense
Q-118,9,CH04_T04_09,DOC_CH04,0.6710087656974792,73.4096999999565,dense
Q-118,10,CH04_T06_06,DOC_CH04,0.6473852396011353,73.4096999999565,dense
Q-119,1,CH04_T05_06,DOC_CH04,0.693638026714325,76.39149999999972,dense
Q-119,2,CH04_T03_06,DOC_CH04,0.6806884407997131,76.39149999999972,dense
Q-119,3,CH04_T04_06,DOC_CH04,0.6696234941482544,76.39149999999972,dense
Q-119,4,CH04_T05_05,DOC_CH04,0.6536154747009277,76.39149999999972,dense
Q-119,5,CH04_T03_05,DOC_CH04,0.6340683698654175,76.39149999999972,dense
Q-119,6,CH04_T05_10,DOC_CH04,0.6319177746772766,76.39149999999972,dense
Q-119,7,CH04_T04_05,DOC_CH04,0.6317123174667358,76.39149999999972,dense
Q-119,8,CH04_T05_08,DOC_CH04,0.630791962146759,76.39149999999972,dense
Q-119,9,CH04_T05_04,DOC_CH04,0.6241747736930847,76.39149999999972,dense
Q-119,10,CH08_T02_06,DOC_CH08,0.6186690926551819,76.39149999999972,dense
Q-120,1,CH04_T06_06,DOC_CH04,0.6818826794624329,74.29549999994833,dense
Q-120,2,CH04_T03_06,DOC_CH04,0.6814064979553223,74.29549999994833,dense
Q-120,3,CH04_T04_06,DOC_CH04,0.6759230494499207,74.29549999994833,dense
Q-120,4,CH04_T05_06,DOC_CH04,0.673653781414032,74.29549999994833,dense
Q-120,5,CH04_T06_05,DOC_CH04,0.6548491716384888,74.29549999994833,dense
Q-120,6,CH04_T06_08,DOC_CH04,0.6359801292419434,74.29549999994833,dense
Q-120,7,CH04_T06_10,DOC_CH04,0.628524899482727,74.29549999994833,dense
Q-120,8,CH04_T04_05,DOC_CH04,0.6247009038925171,74.29549999994833,dense
Q-120,9,CH04_T06_01,DOC_CH04,0.6200200319290161,74.29549999994833,dense
Q-120,10,CH04_T03_05,DOC_CH04,0.6179912686347961,74.29549999994833,dense
Q-121,1,CH05_T01_06,DOC_CH05,0.7594789266586304,72.98100000002705,dense
Q-121,2,CH05_T02_06,DOC_CH05,0.7455411553382874,72.98100000002705,dense
Q-121,3,CH05_T03_06,DOC_CH05,0.7347590327262878,72.98100000002705,dense
Q-121,4,CH05_T04_06,DOC_CH05,0.7251553535461426,72.98100000002705,dense
Q-121,5,CH05_T01_01,DOC_CH05,0.7144640684127808,72.98100000002705,dense
Q-121,6,CH05_T02_10,DOC_CH05,0.7138882875442505,72.98100000002705,dense
Q-121,7,CH05_T01_10,DOC_CH05,0.7110660076141357,72.98100000002705,dense
Q-121,8,CH04_T03_06,DOC_CH04,0.7063852548599243,72.98100000002705,dense
Q-121,9,CH05_T01_05,DOC_CH05,0.7044663429260254,72.98100000002705,dense
Q-121,10,CH05_T01_08,DOC_CH05,0.7039998769760132,72.98100000002705,dense
Q-122,1,CH05_T02_06,DOC_CH05,0.7561080455780029,74.33419999995294,dense
Q-122,2,CH05_T01_06,DOC_CH05,0.7056345343589783,74.33419999995294,dense
Q-122,3,CH05_T02_10,DOC_CH05,0.7055030465126038,74.33419999995294,dense
Q-122,4,CH05_T03_06,DOC_CH05,0.6972000598907471,74.33419999995294,dense
Q-122,5,CH05_T02_05,DOC_CH05,0.6917756199836731,74.33419999995294,dense
Q-122,6,CH05_T04_06,DOC_CH05,0.6916897296905518,74.33419999995294,dense
Q-122,7,CH05_T02_04,DOC_CH05,0.6740773320198059,74.33419999995294,dense
Q-122,8,CH05_T02_09,DOC_CH05,0.664283812046051,74.33419999995294,dense
Q-122,9,CH04_T05_06,DOC_CH04,0.6618358492851257,74.33419999995294,dense
Q-122,10,CH04_T03_06,DOC_CH04,0.6613959670066833,74.33419999995294,dense
Q-123,1,CH05_T03_06,DOC_CH05,0.7234578132629395,76.4488000000938,dense
Q-123,2,CH05_T02_06,DOC_CH05,0.7000089287757874,76.4488000000938,dense
Q-123,3,CH05_T03_05,DOC_CH05,0.6949581503868103,76.4488000000938,dense
Q-123,4,CH05_T03_10,DOC_CH05,0.6788554191589355,76.4488000000938,dense
Q-123,5,CH05_T03_08,DOC_CH05,0.6756191849708557,76.4488000000938,dense
Q-123,6,CH05_T03_04,DOC_CH05,0.6718207001686096,76.4488000000938,dense
Q-123,7,CH05_T03_09,DOC_CH05,0.6635768413543701,76.4488000000938,dense
Q-123,8,CH05_T04_06,DOC_CH05,0.6620942950248718,76.4488000000938,dense
Q-123,9,CH05_T02_05,DOC_CH05,0.6589022278785706,76.4488000000938,dense
Q-123,10,CH05_T01_06,DOC_CH05,0.6569468379020691,76.4488000000938,dense
Q-124,1,CH05_T04_06,DOC_CH05,0.7569068670272827,71.38689999999315,dense
Q-124,2,CH05_T04_08,DOC_CH05,0.6948183178901672,71.38689999999315,dense
Q-124,3,CH05_T02_06,DOC_CH05,0.6876364946365356,71.38689999999315,dense
Q-124,4,CH05_T04_10,DOC_CH05,0.6865254640579224,71.38689999999315,dense
Q-124,5,CH05_T04_05,DOC_CH05,0.6862407922744751,71.38689999999315,dense
Q-124,6,CH05_T04_04,DOC_CH05,0.6856940388679504,71.38689999999315,dense
Q-124,7,CH05_T04_09,DOC_CH05,0.6837976574897766,71.38689999999315,dense
Q-124,8,CH05_T04_07,DOC_CH05,0.6642414331436157,71.38689999999315,dense
Q-124,9,CH05_T01_06,DOC_CH05,0.6602323055267334,71.38689999999315,dense
Q-124,10,CH05_T03_06,DOC_CH05,0.6570838093757629,71.38689999999315,dense
Q-125,1,CH05_T05_06,DOC_CH05,0.7010197639465332,71.2205999999469,dense
Q-125,2,CH05_T05_05,DOC_CH05,0.6399794220924377,71.2205999999469,dense
Q-125,3,CH05_T05_08,DOC_CH05,0.6352084279060364,71.2205999999469,dense
Q-125,4,CH05_T05_10,DOC_CH05,0.6348727941513062,71.2205999999469,dense
Q-125,5,CH05_T05_04,DOC_CH05,0.62386554479599,71.2205999999469,dense
Q-125,6,CH05_T05_09,DOC_CH05,0.6144022941589355,71.2205999999469,dense
Q-125,7,CH05_T05_01,DOC_CH05,0.6074844598770142,71.2205999999469,dense
Q-125,8,CH05_T05_07,DOC_CH05,0.6046928763389587,71.2205999999469,dense
Q-125,9,CH05_T05_03,DOC_CH05,0.5979729294776917,71.2205999999469,dense
Q-125,10,CH04_T01_06,DOC_CH04,0.5977187156677246,71.2205999999469,dense
Q-126,1,CH05_T06_06,DOC_CH05,0.687526285648346,70.99200000004657,dense
Q-126,2,CH05_T06_10,DOC_CH05,0.6484829783439636,70.99200000004657,dense
Q-126,3,CH05_T06_08,DOC_CH05,0.6441651582717896,70.99200000004657,dense
Q-126,4,CH05_T06_05,DOC_CH05,0.6436008214950562,70.99200000004657,dense
Q-126,5,CH04_T01_06,DOC_CH04,0.6429505348205566,70.99200000004657,dense
Q-126,6,CH05_T02_06,DOC_CH05,0.6257889270782471,70.99200000004657,dense
Q-126,7,CH05_T06_04,DOC_CH05,0.6224542260169983,70.99200000004657,dense
Q-126,8,CH05_T06_01,DOC_CH05,0.619560718536377,70.99200000004657,dense
Q-126,9,CH04_T02_06,DOC_CH04,0.6151272058486938,70.99200000004657,dense
Q-126,10,CH05_T06_07,DOC_CH05,0.613562822341919,70.99200000004657,dense
Q-127,1,CH06_T01_06,DOC_CH06,0.6468321084976196,70.59739999999692,dense
Q-127,2,CH06_T01_05,DOC_CH06,0.6112180352210999,70.59739999999692,dense
Q-127,3,CH06_T03_06,DOC_CH06,0.5938171744346619,70.59739999999692,dense
Q-127,4,CH06_T06_06,DOC_CH06,0.5914661884307861,70.59739999999692,dense
Q-127,5,CH05_T02_06,DOC_CH05,0.5889238119125366,70.59739999999692,dense
Q-127,6,CH06_T02_06,DOC_CH06,0.587277889251709,70.59739999999692,dense
Q-127,7,CH06_T04_06,DOC_CH06,0.5861088633537292,70.59739999999692,dense
Q-127,8,CH06_T01_08,DOC_CH06,0.5856104493141174,70.59739999999692,dense
Q-127,9,CH03_T05_06,DOC_CH03,0.5841697454452515,70.59739999999692,dense
Q-127,10,CH14_T05_06,DOC_CH14,0.583642303943634,70.59739999999692,dense
Q-128,1,CH06_T02_06,DOC_CH06,0.6795754432678223,73.70880000007674,dense
Q-128,2,CH06_T01_06,DOC_CH06,0.6632806658744812,73.70880000007674,dense
Q-128,3,CH06_T01_05,DOC_CH06,0.6556418538093567,73.70880000007674,dense
Q-128,4,CH06_T02_05,DOC_CH06,0.6554816365242004,73.70880000007674,dense
Q-128,5,CH06_T01_08,DOC_CH06,0.6350561380386353,73.70880000007674,dense
Q-128,6,CH06_T02_04,DOC_CH06,0.6233506202697754,73.70880000007674,dense
Q-128,7,CH06_T02_08,DOC_CH06,0.6224672794342041,73.70880000007674,dense
Q-128,8,CH06_T02_10,DOC_CH06,0.6174583435058594,73.70880000007674,dense
Q-128,9,CH03_T05_06,DOC_CH03,0.6156272888183594,73.70880000007674,dense
Q-128,10,CH06_T01_04,DOC_CH06,0.6144393682479858,73.70880000007674,dense
Q-129,1,CH06_T03_06,DOC_CH06,0.6973471641540527,72.07080000000587,dense
Q-129,2,CH06_T03_05,DOC_CH06,0.6571740508079529,72.07080000000587,dense
Q-129,3,CH06_T03_08,DOC_CH06,0.6569584608078003,72.07080000000587,dense
Q-129,4,CH06_T03_10,DOC_CH06,0.6434320211410522,72.07080000000587,dense
Q-129,5,CH06_T03_01,DOC_CH06,0.6395071744918823,72.07080000000587,dense
Q-129,6,CH06_T03_04,DOC_CH06,0.630403459072113,72.07080000000587,dense
Q-129,7,CH06_T03_09,DOC_CH06,0.6185848712921143,72.07080000000587,dense
Q-129,8,CH06_T04_06,DOC_CH06,0.5978403687477112,72.07080000000587,dense
Q-129,9,CH06_T03_07,DOC_CH06,0.5961487889289856,72.07080000000587,dense
Q-129,10,CH06_T03_03,DOC_CH06,0.5847585797309875,72.07080000000587,dense
Q-130,1,CH06_T04_06,DOC_CH06,0.6721581220626831,70.97570000007636,dense
Q-130,2,CH06_T04_08,DOC_CH06,0.6405534148216248,70.97570000007636,dense
Q-130,3,CH06_T04_05,DOC_CH06,0.631919264793396,70.97570000007636,dense
Q-130,4,CH06_T04_10,DOC_CH06,0.6280121207237244,70.97570000007636,dense
Q-130,5,CH06_T04_04,DOC_CH06,0.6193546652793884,70.97570000007636,dense
Q-130,6,CH06_T04_01,DOC_CH06,0.6182156801223755,70.97570000007636,dense
Q-130,7,CH06_T04_09,DOC_CH06,0.6004080772399902,70.97570000007636,dense
Q-130,8,CH06_T04_07,DOC_CH06,0.5873056650161743,70.97570000007636,dense
Q-130,9,CH06_T03_06,DOC_CH06,0.5706669092178345,70.97570000007636,dense
Q-130,10,CH06_T04_03,DOC_CH06,0.5693041682243347,70.97570000007636,dense
Q-131,1,CH06_T05_06,DOC_CH06,0.6825140118598938,71.46769999997105,dense
Q-131,2,CH06_T01_06,DOC_CH06,0.6686922311782837,71.46769999997105,dense
Q-131,3,CH06_T05_05,DOC_CH06,0.6439255475997925,71.46769999997105,dense
Q-131,4,CH06_T01_05,DOC_CH06,0.6339181065559387,71.46769999997105,dense
Q-131,5,CH06_T05_08,DOC_CH06,0.6291201710700989,71.46769999997105,dense
Q-131,6,CH06_T05_10,DOC_CH06,0.6258457899093628,71.46769999997105,dense
Q-131,7,CH06_T06_06,DOC_CH06,0.6103234887123108,71.46769999997105,dense
Q-131,8,CH06_T05_04,DOC_CH06,0.6089794635772705,71.46769999997105,dense
Q-131,9,CH06_T01_10,DOC_CH06,0.6020718812942505,71.46769999997105,dense
Q-131,10,CH06_T03_06,DOC_CH06,0.5970634818077087,71.46769999997105,dense
Q-132,1,CH06_T01_06,DOC_CH06,0.6811626553535461,72.51940000003287,dense
Q-132,2,CH06_T06_06,DOC_CH06,0.6497937440872192,72.51940000003287,dense
Q-132,3,CH06_T01_05,DOC_CH06,0.6417645215988159,72.51940000003287,dense
Q-132,4,CH08_T02_06,DOC_CH08,0.6388763785362244,72.51940000003287,dense
Q-132,5,CH03_T05_06,DOC_CH03,0.6377224326133728,72.51940000003287,dense
Q-132,6,CH08_T03_06,DOC_CH08,0.6313396096229553,72.51940000003287,dense
Q-132,7,CH06_T01_08,DOC_CH06,0.6246318817138672,72.51940000003287,dense
Q-132,8,CH04_T03_06,DOC_CH04,0.6200410723686218,72.51940000003287,dense
Q-132,9,CH06_T01_09,DOC_CH06,0.6182164549827576,72.51940000003287,dense
Q-132,10,CH06_T03_06,DOC_CH06,0.617435872554779,72.51940000003287,dense
Q-133,1,CH07_T01_06,DOC_CH07,0.6795006394386292,71.85030000005099,dense
Q-133,2,CH07_T02_06,DOC_CH07,0.6615287065505981,71.85030000005099,dense
Q-133,3,CH07_T01_05,DOC_CH07,0.625427782535553,71.85030000005099,dense
Q-133,4,CH07_T01_10,DOC_CH07,0.6206548810005188,71.85030000005099,dense
Q-133,5,CH07_T01_08,DOC_CH07,0.6127544641494751,71.85030000005099,dense
Q-133,6,CH07_T01_04,DOC_CH07,0.6062338948249817,71.85030000005099,dense
Q-133,7,CH07_T01_01,DOC_CH07,0.6028304696083069,71.85030000005099,dense
Q-133,8,CH07_T01_09,DOC_CH07,0.6012636423110962,71.85030000005099,dense
Q-133,9,CH07_T02_05,DOC_CH07,0.5904092788696289,71.85030000005099,dense
Q-133,10,CH07_T02_08,DOC_CH07,0.5873603224754333,71.85030000005099,dense
Q-134,1,CH07_T02_06,DOC_CH07,0.7121595144271851,71.77519999993365,dense
Q-134,2,CH07_T02_01,DOC_CH07,0.6545109748840332,71.77519999993365,dense
Q-134,3,CH07_T02_08,DOC_CH07,0.6512872576713562,71.77519999993365,dense
Q-134,4,CH07_T02_10,DOC_CH07,0.6428582668304443,71.77519999993365,dense
Q-134,5,CH07_T02_05,DOC_CH07,0.6405479907989502,71.77519999993365,dense
Q-134,6,CH07_T02_09,DOC_CH07,0.6241466403007507,71.77519999993365,dense
Q-134,7,CH07_T02_04,DOC_CH07,0.6191361546516418,71.77519999993365,dense
Q-134,8,CH07_T02_02,DOC_CH07,0.6187379956245422,71.77519999993365,dense
Q-134,9,CH07_T02_07,DOC_CH07,0.6111681461334229,71.77519999993365,dense
Q-134,10,CH07_T02_03,DOC_CH07,0.6086231470108032,71.77519999993365,dense
Q-135,1,CH07_T03_06,DOC_CH07,0.6707721948623657,72.81960000000254,dense
Q-135,2,CH07_T03_10,DOC_CH07,0.6215122938156128,72.81960000000254,dense
Q-135,3,CH07_T03_05,DOC_CH07,0.6151622533798218,72.81960000000254,dense
Q-135,4,CH07_T03_04,DOC_CH07,0.6039384603500366,72.81960000000254,dense
Q-135,5,CH07_T03_08,DOC_CH07,0.599266767501831,72.81960000000254,dense
Q-135,6,CH07_T03_09,DOC_CH07,0.5857445597648621,72.81960000000254,dense
Q-135,7,CH07_T03_01,DOC_CH07,0.5850571393966675,72.81960000000254,dense
Q-135,8,CH07_T03_03,DOC_CH07,0.5847034454345703,72.81960000000254,dense
Q-135,9,CH07_T03_02,DOC_CH07,0.5830808877944946,72.81960000000254,dense
Q-135,10,CH07_T03_07,DOC_CH07,0.5662202835083008,72.81960000000254,dense
Q-136,1,CH07_T04_06,DOC_CH07,0.7312151789665222,72.02119999999468,dense
Q-136,2,CH07_T04_10,DOC_CH07,0.6772080063819885,72.02119999999468,dense
Q-136,3,CH07_T04_05,DOC_CH07,0.6723241806030273,72.02119999999468,dense
Q-136,4,CH07_T04_01,DOC_CH07,0.6606425642967224,72.02119999999468,dense
Q-136,5,CH07_T04_04,DOC_CH07,0.6600629091262817,72.02119999999468,dense
Q-136,6,CH07_T04_08,DOC_CH07,0.6584166884422302,72.02119999999468,dense
Q-136,7,CH07_T04_09,DOC_CH07,0.649745762348175,72.02119999999468,dense
Q-136,8,CH07_T04_02,DOC_CH07,0.6272201538085938,72.02119999999468,dense
Q-136,9,CH05_T02_06,DOC_CH05,0.6176573038101196,72.02119999999468,dense
Q-136,10,CH07_T04_03,DOC_CH07,0.6159690618515015,72.02119999999468,dense
Q-137,1,CH07_T05_06,DOC_CH07,0.6936665177345276,73.09520000001157,dense
Q-137,2,CH07_T05_05,DOC_CH07,0.6580077409744263,73.09520000001157,dense
Q-137,3,CH07_T05_10,DOC_CH07,0.6342349648475647,73.09520000001157,dense
Q-137,4,CH07_T05_04,DOC_CH07,0.6307798027992249,73.09520000001157,dense
Q-137,5,CH07_T05_08,DOC_CH07,0.6284374594688416,73.09520000001157,dense
Q-137,6,CH05_T02_06,DOC_CH05,0.6273366808891296,73.09520000001157,dense
Q-137,7,CH07_T05_01,DOC_CH07,0.6214583516120911,73.09520000001157,dense
Q-137,8,CH07_T05_09,DOC_CH07,0.6157358884811401,73.09520000001157,dense
Q-137,9,CH07_T05_07,DOC_CH07,0.609957754611969,73.09520000001157,dense
Q-137,10,CH07_T05_03,DOC_CH07,0.6078040599822998,73.09520000001157,dense
Q-138,1,CH07_T06_06,DOC_CH07,0.6796232461929321,73.6719000000221,dense
Q-138,2,CH07_T06_05,DOC_CH07,0.6568737030029297,73.6719000000221,dense
Q-138,3,CH07_T06_10,DOC_CH07,0.6412903070449829,73.6719000000221,dense
Q-138,4,CH07_T06_08,DOC_CH07,0.6375358700752258,73.6719000000221,dense
Q-138,5,CH07_T06_07,DOC_CH07,0.6288612484931946,73.6719000000221,dense
Q-138,6,CH07_T06_04,DOC_CH07,0.6268868446350098,73.6719000000221,dense
Q-138,7,CH07_T06_01,DOC_CH07,0.6180372834205627,73.6719000000221,dense
Q-138,8,CH07_T06_09,DOC_CH07,0.6178200840950012,73.6719000000221,dense
Q-138,9,CH07_T06_03,DOC_CH07,0.6001387238502502,73.6719000000221,dense
Q-138,10,CH07_T06_02,DOC_CH07,0.585604190826416,73.6719000000221,dense
Q-139,1,CH08_T01_06,DOC_CH08,0.720873236656189,72.3205000000462,dense
Q-139,2,CH08_T01_05,DOC_CH08,0.6856542229652405,72.3205000000462,dense
Q-139,3,CH08_T01_04,DOC_CH08,0.6775764226913452,72.3205000000462,dense
Q-139,4,CH08_T01_10,DOC_CH08,0.673271656036377,72.3205000000462,dense
Q-139,5,CH08_T01_09,DOC_CH08,0.6714187264442444,72.3205000000462,dense
Q-139,6,CH08_T01_08,DOC_CH08,0.6700470447540283,72.3205000000462,dense
Q-139,7,CH08_T01_07,DOC_CH08,0.6682003140449524,72.3205000000462,dense
Q-139,8,CH08_T01_01,DOC_CH08,0.6596032381057739,72.3205000000462,dense
Q-139,9,CH08_T01_03,DOC_CH08,0.6576999425888062,72.3205000000462,dense
Q-139,10,CH08_T01_02,DOC_CH08,0.6300989985466003,72.3205000000462,dense
Q-140,1,CH08_T02_06,DOC_CH08,0.7469941973686218,71.50639999997566,dense
Q-140,2,CH08_T02_10,DOC_CH08,0.6877686977386475,71.50639999997566,dense
Q-140,3,CH08_T02_05,DOC_CH08,0.6867159605026245,71.50639999997566,dense
Q-140,4,CH08_T02_04,DOC_CH08,0.6661332845687866,71.50639999997566,dense
Q-140,5,CH08_T02_09,DOC_CH08,0.6631069779396057,71.50639999997566,dense
Q-140,6,CH08_T02_08,DOC_CH08,0.6605033874511719,71.50639999997566,dense
Q-140,7,CH08_T03_06,DOC_CH08,0.649118185043335,71.50639999997566,dense
Q-140,8,CH04_T03_06,DOC_CH04,0.6486214995384216,71.50639999997566,dense
Q-140,9,CH04_T04_06,DOC_CH04,0.6441535949707031,71.50639999997566,dense
Q-140,10,CH09_T01_06,DOC_CH09,0.6428079009056091,71.50639999997566,dense
Q-141,1,CH08_T03_06,DOC_CH08,0.6906116604804993,71.72109999999066,dense
Q-141,2,CH08_T02_06,DOC_CH08,0.672832190990448,71.72109999999066,dense
Q-141,3,CH04_T03_06,DOC_CH04,0.657015860080719,71.72109999999066,dense
Q-141,4,CH08_T01_06,DOC_CH08,0.6429081559181213,71.72109999999066,dense
Q-141,5,CH09_T02_06,DOC_CH09,0.641991376876831,71.72109999999066,dense
Q-141,6,CH04_T05_06,DOC_CH04,0.6401917338371277,71.72109999999066,dense
Q-141,7,CH04_T04_06,DOC_CH04,0.6391022801399231,71.72109999999066,dense
Q-141,8,CH08_T06_06,DOC_CH08,0.6359199285507202,71.72109999999066,dense
Q-141,9,CH09_T05_06,DOC_CH09,0.6261557936668396,71.72109999999066,dense
Q-141,10,CH08_T04_06,DOC_CH08,0.6245324611663818,71.72109999999066,dense
Q-142,1,CH08_T04_06,DOC_CH08,0.7429723739624023,73.00029999998969,dense
Q-142,2,CH08_T04_05,DOC_CH08,0.7061812877655029,73.00029999998969,dense
Q-142,3,CH08_T04_01,DOC_CH08,0.6965305805206299,73.00029999998969,dense
Q-142,4,CH08_T04_08,DOC_CH08,0.6963388323783875,73.00029999998969,dense
Q-142,5,CH08_T04_04,DOC_CH08,0.6942116022109985,73.00029999998969,dense
Q-142,6,CH08_T04_10,DOC_CH08,0.6929393410682678,73.00029999998969,dense
Q-142,7,CH08_T04_09,DOC_CH08,0.6878936886787415,73.00029999998969,dense
Q-142,8,CH08_T04_07,DOC_CH08,0.6761971116065979,73.00029999998969,dense
Q-142,9,CH08_T04_03,DOC_CH08,0.6621447801589966,73.00029999998969,dense
Q-142,10,CH08_T04_02,DOC_CH08,0.6602676510810852,73.00029999998969,dense
Q-143,1,CH08_T05_06,DOC_CH08,0.7000094652175903,73.65549999997256,dense
Q-143,2,CH08_T05_05,DOC_CH08,0.6468557715415955,73.65549999997256,dense
Q-143,3,CH08_T05_10,DOC_CH08,0.6386498212814331,73.65549999997256,dense
Q-143,4,CH04_T03_06,DOC_CH04,0.636161208152771,73.65549999997256,dense
Q-143,5,CH08_T05_04,DOC_CH08,0.6356282234191895,73.65549999997256,dense
Q-143,6,CH08_T05_08,DOC_CH08,0.6301199197769165,73.65549999997256,dense
Q-143,7,CH08_T05_09,DOC_CH08,0.6266235709190369,73.65549999997256,dense
Q-143,8,CH04_T05_06,DOC_CH04,0.6246756911277771,73.65549999997256,dense
Q-143,9,CH08_T05_01,DOC_CH08,0.6228602528572083,73.65549999997256,dense
Q-143,10,CH08_T02_06,DOC_CH08,0.6143333911895752,73.65549999997256,dense
Q-144,1,CH08_T06_06,DOC_CH08,0.7267235517501831,75.05249999996977,dense
Q-144,2,CH08_T06_05,DOC_CH08,0.7021035552024841,75.05249999996977,dense
Q-144,3,CH08_T06_04,DOC_CH08,0.6972132921218872,75.05249999996977,dense
Q-144,4,CH08_T06_09,DOC_CH08,0.6799502968788147,75.05249999996977,dense
Q-144,5,CH08_T06_10,DOC_CH08,0.6746780276298523,75.05249999996977,dense
Q-144,6,CH08_T06_08,DOC_CH08,0.669098973274231,75.05249999996977,dense
Q-144,7,CH08_T06_07,DOC_CH08,0.6564880609512329,75.05249999996977,dense
Q-144,8,CH08_T06_03,DOC_CH08,0.6472020745277405,75.05249999996977,dense
Q-144,9,CH08_T06_01,DOC_CH08,0.6440833210945129,75.05249999996977,dense
Q-144,10,CH08_T03_06,DOC_CH08,0.6437290906906128,75.05249999996977,dense
Q-145,1,CH08_T02_06,DOC_CH08,0.6676675081253052,72.68599999997605,dense
Q-145,2,CH09_T01_06,DOC_CH09,0.6650624871253967,72.68599999997605,dense
Q-145,3,CH04_T03_06,DOC_CH04,0.6445272564888,72.68599999997605,dense
Q-145,4,CH04_T04_06,DOC_CH04,0.6377026438713074,72.68599999997605,dense
Q-145,5,CH04_T05_06,DOC_CH04,0.6362407803535461,72.68599999997605,dense
Q-145,6,CH08_T03_06,DOC_CH08,0.6278845071792603,72.68599999997605,dense
Q-145,7,CH09_T01_10,DOC_CH09,0.6228664517402649,72.68599999997605,dense
Q-145,8,CH09_T01_05,DOC_CH09,0.6225979924201965,72.68599999997605,dense
Q-145,9,CH05_T02_06,DOC_CH05,0.6216599941253662,72.68599999997605,dense
Q-145,10,CH08_T06_06,DOC_CH08,0.6190897822380066,72.68599999997605,dense
Q-146,1,CH09_T02_06,DOC_CH09,0.7068669199943542,71.42610000005334,dense
Q-146,2,CH08_T02_06,DOC_CH08,0.6639786958694458,71.42610000005334,dense
Q-146,3,CH09_T02_05,DOC_CH09,0.6615844368934631,71.42610000005334,dense
Q-146,4,CH09_T02_08,DOC_CH09,0.6486208438873291,71.42610000005334,dense
Q-146,5,CH04_T03_06,DOC_CH04,0.6477451920509338,71.42610000005334,dense
Q-146,6,CH09_T02_10,DOC_CH09,0.6465693712234497,71.42610000005334,dense
Q-146,7,CH10_T04_06,DOC_CH10,0.642952024936676,71.42610000005334,dense
Q-146,8,CH08_T03_06,DOC_CH08,0.6406385898590088,71.42610000005334,dense
Q-146,9,CH08_T01_06,DOC_CH08,0.6381161212921143,71.42610000005334,dense
Q-146,10,CH09_T02_04,DOC_CH09,0.6348206400871277,71.42610000005334,dense
Q-147,1,CH09_T03_06,DOC_CH09,0.7061030864715576,70.93759999997928,dense
Q-147,2,CH09_T03_10,DOC_CH09,0.6461294889450073,70.93759999997928,dense
Q-147,3,CH09_T03_05,DOC_CH09,0.6428009271621704,70.93759999997928,dense
Q-147,4,CH09_T03_04,DOC_CH09,0.6368700861930847,70.93759999997928,dense
Q-147,5,CH09_T03_08,DOC_CH09,0.6328134536743164,70.93759999997928,dense
Q-147,6,CH09_T03_01,DOC_CH09,0.616191565990448,70.93759999997928,dense
Q-147,7,CH09_T03_07,DOC_CH09,0.6132424473762512,70.93759999997928,dense
Q-147,8,CH09_T03_09,DOC_CH09,0.6112985610961914,70.93759999997928,dense
Q-147,9,CH09_T03_03,DOC_CH09,0.6027138233184814,70.93759999997928,dense
Q-147,10,CH10_T05_06,DOC_CH10,0.5641490817070007,70.93759999997928,dense
Q-148,1,CH09_T04_06,DOC_CH09,0.6710219383239746,74.89339999995082,dense
Q-148,2,CH08_T02_06,DOC_CH08,0.6684293150901794,74.89339999995082,dense
Q-148,3,CH04_T03_06,DOC_CH04,0.651231050491333,74.89339999995082,dense
Q-148,4,CH08_T03_06,DOC_CH08,0.6368711590766907,74.89339999995082,dense
Q-148,5,CH09_T03_06,DOC_CH09,0.6355345845222473,74.89339999995082,dense
Q-148,6,CH09_T05_06,DOC_CH09,0.6315591335296631,74.89339999995082,dense
Q-148,7,CH08_T01_06,DOC_CH08,0.6314026117324829,74.89339999995082,dense
Q-148,8,CH04_T05_06,DOC_CH04,0.6299806237220764,74.89339999995082,dense
Q-148,9,CH04_T04_06,DOC_CH04,0.6297693252563477,74.89339999995082,dense
Q-148,10,CH09_T04_10,DOC_CH09,0.6266589760780334,74.89339999995082,dense
Q-149,1,CH09_T05_06,DOC_CH09,0.6792048811912537,72.94469999999365,dense
Q-149,2,CH04_T03_06,DOC_CH04,0.6525360941886902,72.94469999999365,dense
Q-149,3,CH08_T02_06,DOC_CH08,0.6454180479049683,72.94469999999365,dense
Q-149,4,CH09_T05_05,DOC_CH09,0.6400144100189209,72.94469999999365,dense
Q-149,5,CH04_T05_06,DOC_CH04,0.6363086700439453,72.94469999999365,dense
Q-149,6,CH09_T05_10,DOC_CH09,0.6313744783401489,72.94469999999365,dense
Q-149,7,CH04_T04_06,DOC_CH04,0.6307652592658997,72.94469999999365,dense
Q-149,8,CH05_T02_06,DOC_CH05,0.6268571019172668,72.94469999999365,dense
Q-149,9,CH08_T06_06,DOC_CH08,0.6266031265258789,72.94469999999365,dense
Q-149,10,CH08_T03_06,DOC_CH08,0.6199804544448853,72.94469999999365,dense
Q-150,1,CH09_T06_06,DOC_CH09,0.6917583346366882,78.74709999998686,dense
Q-150,2,CH09_T06_05,DOC_CH09,0.6453971266746521,78.74709999998686,dense
Q-150,3,CH09_T06_08,DOC_CH09,0.6400843858718872,78.74709999998686,dense
Q-150,4,CH09_T06_10,DOC_CH09,0.6398811340332031,78.74709999998686,dense
Q-150,5,CH09_T06_04,DOC_CH09,0.6305382251739502,78.74709999998686,dense
Q-150,6,CH09_T06_07,DOC_CH09,0.6288217902183533,78.74709999998686,dense
Q-150,7,CH09_T06_09,DOC_CH09,0.6230230927467346,78.74709999998686,dense
Q-150,8,CH08_T02_06,DOC_CH08,0.6178125143051147,78.74709999998686,dense
Q-150,9,CH09_T06_01,DOC_CH09,0.6174455285072327,78.74709999998686,dense
Q-150,10,CH08_T03_06,DOC_CH08,0.610702395439148,78.74709999998686,dense
